,bin,returns,hit_date
2100-01-26,-1.0,-0.3079350896971397,2100-02-08
2100-01-27,-1.0,-0.30398502667297544,2100-02-08
2100-01-29,-1.0,-0.32049401037096403,2100-02-08
2100-02-01,-1.0,-0.34266011929046747,2100-02-08
2100-02-02,-1.0,-0.33559483156891157,2100-02-09
2100-02-03,-1.0,-0.3303030580283275,2100-02-09
2100-02-04,-1.0,-0.3346626947991346,2100-02-09
2100-02-22,1.0,0.350265412025462,2100-03-04
2100-02-23,1.0,0.3387089749628951,2100-03-04
2100-02-24,1.0,0.32206942193874877,2100-03-03
2100-02-25,1.0,0.334220088432962,2100-03-04
2100-02-26,1.0,0.3553752354581132,2100-03-04
2100-03-02,1.0,0.30924785319691783,2100-03-05
2100-03-03,1.0,0.41820250258800407,2100-03-08
2100-03-16,-1.0,-0.3166601700474926,2100-03-18
2100-03-17,0.0,0.009415027120800668,2100-04-06
2100-04-01,1.0,0.3092885771625695,2100-04-08
2100-04-05,1.0,0.38205740309587877,2100-04-13
2100-04-06,1.0,0.3108308503350752,2100-04-19
2100-04-07,1.0,0.43650084163733527,2100-04-20
2100-04-08,1.0,0.403989161113983,2100-04-20
2100-04-16,1.0,0.3291621294699367,2100-04-20
2100-04-27,0.0,-0.21783358034617883,2100-05-17
2100-04-28,0.0,-0.21653053549774515,2100-05-18
2100-04-29,0.0,-0.18862823942097218,2100-05-19
2100-04-30,0.0,-0.19349556040484706,2100-05-20
2100-05-03,0.0,-0.27407443351612804,2100-05-24
2100-05-04,0.0,-0.29980568564067633,2100-05-24
2100-05-06,-1.0,-0.3206139089970693,2100-05-21
2100-05-11,0.0,-0.1394989480298633,2100-05-31
2100-05-12,0.0,-0.2267665296046233,2100-06-01
2100-05-13,0.0,-0.1325824121181658,2100-06-02
2100-05-14,0.0,-0.2555625943581279,2100-06-03
2100-05-17,-1.0,-0.313851176738282,2100-06-04
2100-05-27,-1.0,-0.4132350816814149,2100-06-08
2100-05-31,-1.0,-0.44393197913370575,2100-06-08
2100-06-01,-1.0,-0.4022271175528329,2100-06-08
2100-06-02,-1.0,-0.40499683636209893,2100-06-08
2100-06-03,-1.0,-0.3765873981263349,2100-06-08
2100-06-04,-1.0,-0.3068246137581867,2100-06-24
2100-06-07,-1.0,-0.3238820038935307,2100-06-22
2100-06-18,-1.0,-0.3741707372806786,2100-06-28
2100-06-22,-1.0,-0.3757218376038167,2100-06-30
2100-06-23,-1.0,-0.363999687383014,2100-06-30
2100-06-24,-1.0,-0.3489826783534352,2100-06-30
2100-07-08,1.0,0.37905089798868663,2100-07-20
2100-07-09,1.0,0.36121026319605165,2100-07-20
2100-07-12,1.0,0.3134361601688689,2100-07-19
2100-07-13,1.0,0.3660696870274991,2100-07-20
2100-08-12,1.0,0.38735679856024574,2100-08-16
2100-08-13,-1.0,-0.31197151136506573,2100-08-30
2100-08-17,-1.0,-0.31902767570689605,2100-08-30
2100-08-18,-1.0,-0.3207377324247924,2100-08-30
2100-08-19,-1.0,-0.32675908302814394,2100-08-31
2100-08-20,-1.0,-0.31312707454520794,2100-08-31
2100-08-23,-1.0,-0.31213381119260597,2100-09-06
2100-08-24,-1.0,-0.30918963876657823,2100-09-09
2100-08-26,-1.0,-0.3035187859131999,2100-09-06
2100-09-14,1.0,0.3705796707863729,2100-09-29
2100-09-15,1.0,0.355122178705342,2100-09-30
2100-09-16,0.0,0.029444222292340116,2100-10-06
2100-09-17,1.0,0.3031700941629589,2100-09-29
2100-09-20,1.0,0.30331738947039466,2100-09-28
2100-09-21,1.0,0.30242233721471035,2100-09-29
2100-09-22,1.0,0.3059603068704315,2100-09-30
2100-09-23,0.0,0.1360399517306461,2100-10-13
2100-10-05,1.0,0.336360389257222,2100-10-21
2100-10-06,1.0,0.35273192687401655,2100-10-21
2100-10-07,1.0,0.3753098187402357,2100-10-21
2100-10-08,1.0,0.3142998685396685,2100-10-21
2100-10-11,1.0,0.30254066010706016,2100-10-20
2100-10-12,1.0,0.3836996858478745,2100-10-21
2100-10-13,1.0,0.31879997332774734,2100-10-21
2100-10-14,1.0,0.3481698217696505,2100-10-21
2100-10-15,-1.0,-0.33697564701154115,2100-11-04
2100-10-18,-1.0,-0.33411631203687464,2100-11-04
2100-10-19,-1.0,-0.33792315315182786,2100-11-01
2100-10-22,-1.0,-0.34063068688331544,2100-11-01
2100-10-26,-1.0,-0.3173426421195522,2100-11-01
2100-10-27,0.0,-0.07809388493285851,2100-11-16
2100-10-28,0.0,-0.1864921214189138,2100-11-17
2100-11-10,0.0,0.0489245417565658,2100-11-30
2100-11-12,0.0,0.17080066497312152,2100-12-02
2100-11-15,1.0,0.397798457263542,2100-12-06
2100-11-16,1.0,0.39445363921289234,2100-12-06
2100-11-17,1.0,0.4313664610663739,2100-12-06
2100-11-18,1.0,0.4636486554360406,2100-12-06
2100-11-19,1.0,0.30233982011191873,2100-11-29
2100-11-22,1.0,0.383214832719309,2100-11-30
2100-11-23,1.0,0.3992142790577964,2100-12-06
2100-11-25,1.0,0.3760034313883198,2100-12-06
2100-11-26,1.0,0.35723976541178915,2100-12-06
2100-11-29,1.0,0.3061410421252111,2100-12-06
2100-11-30,1.0,0.3405738877011766,2100-12-07
2100-12-02,1.0,0.3134289964810921,2100-12-06
2100-12-24,0.0,-0.2386804161617101,2101-01-13
2100-12-27,-1.0,-0.3060561824248512,2101-01-14
2100-12-28,0.0,-0.23592732877901146,2101-01-17
2100-12-29,0.0,-0.26561358798859624,2101-01-18
2100-12-30,0.0,-0.21667858517061966,2101-01-19
2100-12-31,-1.0,-0.4133419569963319,2101-01-20
2101-01-07,-1.0,-0.36698162330953277,2101-01-20
2101-01-10,-1.0,-0.35855551980474554,2101-01-20
2101-01-11,-1.0,-0.31501547466034163,2101-01-20
2101-01-12,-1.0,-0.30124234836644304,2101-01-20
2101-01-13,-1.0,-0.31137275762703776,2101-01-20
2101-01-19,-1.0,-0.33312923965833774,2101-02-01
2101-02-03,-1.0,-0.30543499839010957,2101-02-09
2101-02-04,-1.0,-0.3113845553526672,2101-02-09
2101-02-07,-1.0,-0.33915182242150843,2101-02-09
2101-02-18,0.0,-0.16577796379969856,2101-03-10
2101-02-22,0.0,-0.15087235330479465,2101-03-14
2101-02-23,0.0,-0.14100188487517362,2101-03-15
2101-02-24,0.0,-0.2405777521864414,2101-03-16
2101-02-25,-1.0,-0.3849727334808597,2101-03-17
2101-02-28,1.0,0.3496092143561258,2101-03-04
2101-03-01,-1.0,-0.40922908631346133,2101-03-17
2101-03-02,-1.0,-0.3966839517845916,2101-03-17
2101-03-03,-1.0,-0.4256318857086834,2101-03-17
2101-03-04,-1.0,-0.3689832474170094,2101-03-16
2101-03-07,-1.0,-0.3570820997317503,2101-03-16
2101-03-08,-1.0,-0.3159362618952881,2101-03-16
2101-03-09,-1.0,-0.37909722183037164,2101-03-16
2101-03-10,-1.0,-0.37717298874352534,2101-03-17
2101-03-11,-1.0,-0.39359858547311755,2101-03-17
2101-03-14,-1.0,-0.3466443580479428,2101-03-17
2101-03-15,-1.0,-0.3338778727930446,2101-03-17
2101-03-31,0.0,-0.11910158466163556,2101-04-20
2101-04-01,0.0,-0.009354263967135679,2101-04-21
2101-04-06,1.0,0.3448539224082987,2101-04-26
2101-04-07,0.0,0.02400710713574239,2101-04-27
2101-04-08,0.0,0.05283313765343922,2101-04-28
2101-04-11,0.0,0.27962305226421935,2101-05-02
2101-04-12,1.0,0.31620152208628105,2101-04-26
2101-04-13,1.0,0.4172268066823095,2101-04-26
2101-04-14,1.0,0.34286442561765584,2101-04-26
2101-04-15,1.0,0.34313147291869117,2101-05-04
2101-04-18,1.0,0.37069949109704714,2101-05-04
2101-04-19,1.0,0.30163947529322166,2101-04-26
2101-04-20,1.0,0.32789211213593017,2101-04-26
2101-04-21,0.0,0.07087536852584164,2101-05-11
2101-04-22,1.0,0.31924558924586943,2101-05-04
2101-04-25,1.0,0.3304792051939227,2101-05-04
2101-05-05,0.0,-0.11212491126273771,2101-05-25
2101-05-06,0.0,-0.09380446714814628,2101-05-26
2101-05-10,1.0,0.3340978932709442,2101-05-23
2101-05-11,0.0,-0.0955903366458869,2101-05-31
2101-05-12,0.0,-0.00027441991971377533,2101-06-01
2101-05-13,1.0,0.3603061143265378,2101-05-23
2101-05-16,0.0,0.007646636182264244,2101-06-06
2101-05-17,0.0,-0.06658748792235092,2101-06-06
2101-05-18,0.0,0.033809527966756514,2101-06-07
2101-05-19,0.0,0.036665536081357475,2101-06-08
2101-05-20,0.0,0.07685871489657514,2101-06-09
2101-05-23,0.0,-0.11756764240762607,2101-06-13
2101-05-25,0.0,0.04842211501378446,2101-06-14
2101-05-26,0.0,0.16788758218252164,2101-06-15
2101-05-27,0.0,0.03553582088044793,2101-06-16
2101-05-30,0.0,-0.03395747270306326,2101-06-20
2101-05-31,1.0,0.3214406551933029,2101-06-09
2101-06-01,0.0,-0.06044313261812173,2101-06-21
2101-06-02,0.0,-0.0540176408162345,2101-06-22
2101-06-03,0.0,-0.09013039188406269,2101-06-23
2101-06-07,0.0,0.07554223695337292,2101-06-27
2101-06-08,0.0,0.21371836525825683,2101-06-28
2101-06-10,0.0,-0.006574489280047668,2101-06-30
2101-06-13,0.0,0.21509147153876373,2101-07-04
2101-06-14,1.0,0.3101689057454684,2101-07-04
2101-06-15,0.0,0.15274465780580382,2101-07-05
2101-06-16,1.0,0.31470857884423276,2101-06-28
2101-06-17,1.0,0.3242928096608999,2101-06-29
2101-06-20,1.0,0.3401058098117078,2101-06-28
2101-06-21,1.0,0.38326294131669925,2101-06-28
2101-06-22,1.0,0.3136145542978479,2101-06-28
2101-06-23,1.0,0.34663647077702264,2101-07-04
2101-06-24,1.0,0.35215113295240874,2101-07-04
2101-06-27,1.0,0.3092671674349792,2101-07-08
2101-06-29,1.0,0.31941631273959614,2101-07-12
2101-06-30,1.0,0.33316802405356793,2101-07-08
2101-07-26,-1.0,-0.3185837025009969,2101-08-02
2101-08-09,-1.0,-0.32384772438565024,2101-08-18
2101-08-10,-1.0,-0.3170979332127799,2101-08-15
2101-08-11,-1.0,-0.3295968174845091,2101-08-15
2101-08-12,-1.0,-0.35697458212075084,2101-08-22
2101-08-15,-1.0,-0.41274822880494777,2101-08-25
2101-08-16,-1.0,-0.32944518228871456,2101-08-24
2101-08-17,-1.0,-0.40671967897888106,2101-08-25
2101-09-07,0.0,0.08791357126280319,2101-09-27
2101-09-08,0.0,0.08437329390878867,2101-09-28
2101-09-09,1.0,0.3828397990234056,2101-09-15
2101-09-12,0.0,0.1371573440244529,2101-10-03
2101-09-13,0.0,0.13260369582026388,2101-10-03
2101-09-19,0.0,-0.25050602733140515,2101-10-10
2101-09-20,0.0,-0.2462049049758338,2101-10-10
2101-09-21,-1.0,-0.31706142703724904,2101-10-07
2101-09-22,-1.0,-0.3179684260116191,2101-10-07
2101-09-23,0.0,-0.048479587819594605,2101-10-13
2101-09-26,0.0,0.08636425923652058,2101-10-17
2101-09-27,-1.0,-0.3106826680628818,2101-10-07
2101-09-28,0.0,-0.0955881782843303,2101-10-18
2101-09-29,-1.0,-0.309414555558593,2101-10-07
2101-09-30,0.0,0.0261212450993058,2101-10-20
2101-10-03,-1.0,-0.35377682436982216,2101-10-07
2101-10-04,0.0,0.05630575526686887,2101-10-24
2101-10-05,0.0,0.10344441066176091,2101-10-25
2101-10-12,0.0,0.0856879630665035,2101-11-01
2101-10-13,0.0,-0.036807968792890056,2101-11-02
2101-10-14,0.0,-0.10181687389614225,2101-11-03
2101-10-17,-1.0,-0.325828576291599,2101-11-07
2101-10-18,0.0,-0.234496936834084,2101-11-07
2101-10-19,0.0,-0.16728011488412364,2101-11-08
2101-10-27,0.0,-0.12841354056153798,2101-11-16
2101-10-28,0.0,-0.08555753181510872,2101-11-17
2101-10-31,0.0,-0.19245800425292747,2101-11-21
2101-11-01,0.0,-0.17450666028080808,2101-11-21
2101-11-02,0.0,-0.23803800975372813,2101-11-22
2101-11-03,0.0,-0.16863008715232897,2101-11-23
2101-11-04,0.0,-0.005727583761752086,2101-11-24
2101-11-10,0.0,0.24129106881893048,2101-11-30
2101-11-16,0.0,0.06738174343253278,2101-12-06
2101-11-17,0.0,-0.05379734314884488,2101-12-07
2101-11-18,0.0,-0.012731207312392745,2101-12-08
2101-11-21,0.0,0.2642886129364421,2101-12-12
2101-11-22,1.0,0.3314611424110758,2101-11-29
2101-11-23,1.0,0.3541703350513494,2101-12-09
2101-11-24,1.0,0.31707478481099094,2101-12-09
2101-11-25,0.0,0.23674024186168263,2101-12-15
2101-11-28,0.0,0.15118179007899268,2101-12-19
2101-12-01,1.0,0.3809700586193512,2101-12-21
2101-12-02,1.0,0.4227365867384212,2101-12-21
2101-12-05,1.0,0.46873531151826064,2101-12-21
2101-12-06,1.0,0.39248388913165977,2101-12-21
2101-12-07,1.0,0.3715573642730221,2101-12-21
2101-12-08,1.0,0.33558251201171974,2101-12-21
2101-12-12,0.0,0.047537536924129764,2102-01-02
2101-12-13,1.0,0.30399017324179156,2101-12-21
2101-12-14,1.0,0.34520099421164585,2101-12-22
2101-12-15,1.0,0.31198164572663045,2102-01-04
2101-12-20,0.0,0.08273943013042961,2102-01-09
2101-12-23,0.0,-0.21560346533188535,2102-01-12
2101-12-26,0.0,-0.06054526376689218,2102-01-16
2101-12-29,0.0,0.11840149419013812,2102-01-18
2101-12-30,0.0,-0.05981506605810738,2102-01-19
2102-01-02,0.0,-0.1428686290140493,2102-01-23
2102-01-03,-1.0,-0.3002700783257718,2102-01-10
2102-01-04,-1.0,-0.35656684332539024,2102-01-10
2102-01-05,-1.0,-0.421029409282733,2102-01-24
2102-01-06,-1.0,-0.41298218003007325,2102-01-24
2102-01-09,-1.0,-0.3912511810475501,2102-01-24
2102-01-13,1.0,0.33155107011245777,2102-01-18
2102-01-16,-1.0,-0.3535572325677583,2102-01-24
2102-01-17,-1.0,-0.3888169990173045,2102-01-24
2102-01-18,-1.0,-0.44018653004183483,2102-01-24
2102-01-19,-1.0,-0.31502079386034276,2102-01-24
2102-01-20,-1.0,-0.3865313132555783,2102-01-24
2102-01-23,-1.0,-0.3443434901349164,2102-01-25
2102-02-02,1.0,0.3603470517699421,2102-02-07
2102-02-06,1.0,0.3273892864332011,2102-02-10
2102-02-23,0.0,-0.1283113976249789,2102-03-15
2102-02-24,0.0,-0.12624981659462053,2102-03-16
2102-02-27,0.0,-0.12140014679439382,2102-03-20
2102-02-28,0.0,-0.09267561352641196,2102-03-20
2102-03-02,0.0,-0.05076768611993365,2102-03-22
2102-03-03,0.0,-0.05827760465466514,2102-03-23
2102-03-09,0.0,0.13296062752705962,2102-03-29
2102-03-10,0.0,0.047774257958533184,2102-03-30
2102-03-13,0.0,-0.22283922750250984,2102-04-03
2102-03-14,0.0,-0.12896516950170456,2102-04-03
2102-03-15,0.0,-0.13633986770998352,2102-04-04
2102-03-16,0.0,-0.14489234425563702,2102-04-05
2102-03-17,0.0,-0.11033677249257168,2102-04-06
2102-03-20,0.0,-0.2838623550844598,2102-04-10
2102-03-21,0.0,-0.21599665953588476,2102-04-10
2102-03-22,0.0,-0.1794584039515018,2102-04-11
2102-03-23,0.0,-0.22345486628684041,2102-04-12
2102-03-24,0.0,-0.26427743525431446,2102-04-13
2102-03-27,0.0,-0.20931928007748524,2102-04-17
2102-03-28,0.0,-0.1944757333792495,2102-04-17
2102-03-29,0.0,-0.1398405395368124,2102-04-18
2102-03-30,0.0,0.04585208751890302,2102-04-19
2102-03-31,0.0,0.025239244709093445,2102-04-20
2102-04-04,1.0,0.3123855760672525,2102-04-19
2102-04-05,1.0,0.31483624932519527,2102-04-24
2102-04-06,1.0,0.3180846870505196,2102-04-24
2102-04-14,1.0,0.3915696992738431,2102-04-25
2102-04-17,1.0,0.3154373320821986,2102-04-24
2102-04-18,1.0,0.34254314423000265,2102-04-25
2102-04-28,0.0,-0.08648566582215989,2102-05-18
2102-05-01,0.0,0.10861551576739714,2102-05-22
2102-05-02,0.0,0.17457121750249094,2102-05-22
2102-05-03,1.0,0.405071099001036,2102-05-23
2102-05-04,1.0,0.4498898614108364,2102-05-23
2102-05-05,1.0,0.3378030606997975,2102-05-19
2102-05-08,0.0,0.09030692709596466,2102-05-29
2102-05-09,0.0,0.08085686414468252,2102-05-29
2102-05-10,1.0,0.3152401381992569,2102-05-23
2102-05-11,0.0,0.15260740908683923,2102-05-31
2102-05-12,0.0,0.04501194818343679,2102-06-01
2102-05-15,1.0,0.39675441798963407,2102-05-23
2102-05-16,1.0,0.48953887004745944,2102-05-23
2102-05-17,1.0,0.4357416061548294,2102-05-19
2102-05-18,1.0,0.4733534089305429,2102-05-23
2102-05-22,0.0,-0.25558356813093763,2102-06-12
2102-05-25,-1.0,-0.3311454342277087,2102-06-14
2102-05-26,-1.0,-0.3379102580414377,2102-06-15
2102-06-02,-1.0,-0.32635704568423884,2102-06-12
2102-06-05,-1.0,-0.35708300121039316,2102-06-12
2102-06-06,-1.0,-0.31462562473700406,2102-06-12
2102-06-07,-1.0,-0.3299886940663834,2102-06-15
2102-06-08,-1.0,-0.30626231680546634,2102-06-15
2102-06-09,-1.0,-0.3047234511608816,2102-06-14
2102-06-22,-1.0,-0.30875899995237466,2102-07-11
2102-06-23,-1.0,-0.3156434604236469,2102-07-11
2102-07-03,-1.0,-0.34313249470742024,2102-07-12
2102-07-05,-1.0,-0.3296701205656929,2102-07-11
2102-07-06,-1.0,-0.33001789043436314,2102-07-17
2102-07-07,-1.0,-0.31011404472893056,2102-07-13
2102-07-24,1.0,0.39690975532334294,2102-08-14
2102-07-25,1.0,0.4622949106470262,2102-08-14
2102-07-26,1.0,0.47986142246689556,2102-08-14
2102-07-27,1.0,0.4689398220537786,2102-08-14
2102-07-28,1.0,0.3136677510290744,2102-08-14
2102-07-31,1.0,0.3756059127389231,2102-08-14
2102-08-01,1.0,0.36008739496921627,2102-08-14
2102-08-02,0.0,-0.1870017646965032,2102-08-22
2102-08-03,1.0,0.3860617503758552,2102-08-14
2102-08-04,1.0,0.32144105706423187,2102-08-11
2102-08-07,1.0,0.35648479699365354,2102-08-14
2102-08-10,0.0,-0.23484839798287938,2102-08-30
2102-08-11,-1.0,-0.384283635253582,2102-08-31
2102-08-16,-1.0,-0.3093750013708154,2102-08-18
2102-08-17,-1.0,-0.34454860903077,2102-09-06
2102-08-18,-1.0,-0.3175498307046699,2102-09-06
2102-08-21,-1.0,-0.35090189305577013,2102-09-06
2102-08-23,-1.0,-0.3079552758247689,2102-09-01
2102-08-24,-1.0,-0.3092740912848848,2102-09-01
2102-08-25,-1.0,-0.3033428618362426,2102-08-31
2102-08-31,0.0,0.04890668042208279,2102-09-20
2102-09-01,0.0,0.027994719523249056,2102-09-21
2102-09-13,1.0,0.3327270320448805,2102-09-27
2102-09-14,1.0,0.4929295859073477,2102-09-27
2102-09-15,1.0,0.4173612901264654,2102-09-27
2102-09-18,1.0,0.37600629942872454,2102-09-27
2102-09-19,1.0,0.32453802270458554,2102-09-27
2102-10-11,-1.0,-0.37623477285524964,2102-10-27
2102-10-12,-1.0,-0.3497617214095996,2102-10-27
2102-10-13,-1.0,-0.3122444469810406,2102-10-27
2102-10-16,-1.0,-0.3273439502215967,2102-10-27
2102-10-18,-1.0,-0.32821610674664015,2102-10-31
2102-10-19,-1.0,-0.32001585896455786,2102-10-27
2102-10-24,-1.0,-0.3175882454381712,2102-10-27
2102-10-25,-1.0,-0.30837851499284386,2102-10-31
2102-11-09,1.0,0.4411811907851557,2102-11-15
2102-11-10,1.0,0.34248450542969877,2102-11-15
2102-11-13,1.0,0.3430511126377802,2102-11-17
2102-11-29,-1.0,-0.3941190058852373,2102-12-14
2102-11-30,-1.0,-0.4157226459835738,2102-12-14
2102-12-01,-1.0,-0.42643623938146824,2102-12-14
2102-12-04,-1.0,-0.4052307319030698,2102-12-14
2102-12-11,-1.0,-0.3184404948992783,2102-12-14
2102-12-19,0.0,0.1563208726605987,2103-01-08
2102-12-20,0.0,0.011085050890323522,2103-01-09
2102-12-21,0.0,0.10749676590750146,2103-01-10
2102-12-22,0.0,0.056553922894176045,2103-01-11
2102-12-25,0.0,0.03649987839425317,2103-01-15
2102-12-26,0.0,0.08905714966281897,2103-01-15
2102-12-27,0.0,0.06347235075805657,2103-01-16
2103-01-01,0.0,0.12253351757920483,2103-01-22
2103-01-02,1.0,0.3012975011574963,2103-01-08
2103-01-04,0.0,0.04777241520287778,2103-01-24
2103-01-05,0.0,0.07832702049799178,2103-01-25
2103-01-08,0.0,0.0794432606444675,2103-01-29
2103-01-09,0.0,0.0492540803956838,2103-01-29
2103-01-10,0.0,0.19402776890205864,2103-01-30
2103-01-12,0.0,0.10503748016886805,2103-02-01
2103-01-15,1.0,0.3323951793033537,2103-01-30
2103-01-18,0.0,0.18272180903339974,2103-02-07
2103-01-19,0.0,0.06779909757258085,2103-02-08
2103-01-22,1.0,0.3364710835296363,2103-01-30
2103-01-23,1.0,0.32853337647545056,2103-01-30
2103-01-24,1.0,0.30866613705208623,2103-02-02
2103-01-25,1.0,0.3321266046425162,2103-02-02
2103-01-26,1.0,0.37642930662732454,2103-01-30
2103-01-29,0.0,0.11659260419735795,2103-02-19
2103-01-31,0.0,0.18751709677931871,2103-02-20
2103-02-01,0.0,0.03491736799165168,2103-02-21
2103-02-08,1.0,0.411887830063949,2103-02-22
2103-02-12,1.0,0.48121030932331466,2103-02-26
2103-02-13,1.0,0.44733449103749856,2103-02-22
2103-02-14,1.0,0.35086755793368174,2103-02-20
2103-02-15,1.0,0.4754785613982411,2103-02-22
2103-02-19,1.0,0.4654635300081891,2103-02-26
2103-02-20,1.0,0.3474718410112869,2103-02-26
2103-02-21,1.0,0.4779821181590218,2103-02-26
2103-03-19,1.0,0.3974130995308913,2103-04-09
2103-03-20,1.0,0.4434146151056282,2103-04-09
2103-03-22,1.0,0.45523948380691537,2103-04-06
2103-04-02,1.0,0.35529343055080376,2103-04-09
2103-04-03,1.0,0.3674654121878882,2103-04-09
2103-04-04,1.0,0.3683809648949119,2103-04-09
2103-04-19,-1.0,-0.3254073074133539,2103-04-25
2103-04-20,-1.0,-0.35286056744624483,2103-04-25
2103-05-09,-1.0,-0.30320200371196626,2103-05-28
2103-05-11,-1.0,-0.3113611565686547,2103-05-31
2103-05-22,0.0,-0.27829106166807704,2103-06-11
2103-05-23,-1.0,-0.3103668344282512,2103-06-04
2103-05-24,-1.0,-0.30176438055529864,2103-05-31
2103-05-25,-1.0,-0.30208124250104385,2103-06-11
2103-05-28,-1.0,-0.33461002048995403,2103-06-15
2103-05-29,0.0,-0.2814772554001276,2103-06-18
2103-05-30,0.0,-0.2416579631123461,2103-06-19
2103-06-05,-1.0,-0.30662689830935574,2103-06-18
2103-06-12,-1.0,-0.3117853572301048,2103-06-20
2103-06-13,-1.0,-0.3073955102136947,2103-06-20
2103-06-14,1.0,0.37146746451323653,2103-06-29
2103-06-22,1.0,0.40460155983199253,2103-06-28
2103-06-25,1.0,0.41585971139843037,2103-06-29
2103-06-26,1.0,0.4114168526791466,2103-06-29
2103-06-27,1.0,0.4136816059930186,2103-07-17
2103-07-06,1.0,0.3012810226589977,2103-07-13
2103-07-09,1.0,0.4480207453185949,2103-07-17
2103-07-11,1.0,0.4204076984623548,2103-07-17
2103-07-12,1.0,0.3188582054369742,2103-07-17
2103-07-13,1.0,0.5264116630370241,2103-07-26
2103-07-16,1.0,0.4423072876652294,2103-07-26
2103-07-23,1.0,0.5594339142738032,2103-07-26
2103-07-24,1.0,0.5165529625321756,2103-07-26
2103-08-09,-1.0,-0.3019604314362524,2103-08-14
2103-08-10,-1.0,-0.3772717685747662,2103-08-30
2103-08-13,-1.0,-0.3600901664239403,2103-08-30
2103-08-27,-1.0,-0.3524103199638494,2103-08-31
2103-08-28,-1.0,-0.3640695504915513,2103-09-06
2103-08-29,-1.0,-0.4005708088550294,2103-09-06
2103-09-25,0.0,-0.1980951364623008,2103-10-15
2103-09-26,0.0,-0.12677463744478645,2103-10-16
2103-09-27,0.0,-0.0614160942322709,2103-10-17
2103-10-04,0.0,0.08540363823191188,2103-10-24
2103-10-09,0.0,0.17177064194887248,2103-10-29
2103-10-10,0.0,-0.022836160016504903,2103-10-30
2103-10-11,0.0,0.11647805231581043,2103-10-31
2103-10-17,0.0,-0.029246910404105653,2103-11-06
2103-10-18,1.0,0.3044492803929242,2103-10-29
2103-10-19,0.0,0.27853190912440406,2103-11-08
2103-10-22,0.0,0.19435386445716452,2103-11-12
2103-10-23,0.0,0.2365861356079193,2103-11-12
2103-10-24,1.0,0.3208446960503504,2103-11-13
2103-10-30,1.0,0.3184498322756737,2103-11-08
2103-10-31,1.0,0.31368939564461207,2103-11-14
2103-11-01,1.0,0.3075375154180984,2103-11-13
2103-11-02,1.0,0.31752622532577823,2103-11-13
2103-11-05,1.0,0.3226871010170649,2103-11-16
2103-11-06,1.0,0.35796917718645194,2103-11-12
2103-11-07,1.0,0.30021450108387504,2103-11-16
2103-11-08,0.0,0.2912560014218293,2103-11-28
2103-11-09,0.0,0.03530122071191011,2103-11-29
2103-11-12,0.0,-0.05857276897688246,2103-12-03
2103-11-21,0.0,0.06435993567853004,2103-12-11
2103-11-26,0.0,0.11732461212232748,2103-12-17
2103-11-27,0.0,0.020570338472524874,2103-12-17
2103-11-28,0.0,-0.13536913452046295,2103-12-18
2103-11-29,0.0,-0.06683636619034283,2103-12-19
2103-11-30,1.0,0.3119758067374856,2103-12-13
2103-12-03,0.0,-0.0677189015564581,2103-12-24
2103-12-04,1.0,0.3451539894100497,2103-12-13
2103-12-05,1.0,0.39482414658528686,2103-12-13
2103-12-06,1.0,0.3253001092263832,2103-12-13
2103-12-10,0.0,0.19481498509886852,2103-12-31
2103-12-11,0.0,0.05570472354924827,2103-12-31
2103-12-12,-1.0,-0.3154520048249687,2103-12-21
2103-12-18,0.0,0.05802190290350273,2104-01-07
2103-12-19,1.0,0.40234659325518685,2104-01-08
2103-12-20,1.0,0.42385872620949705,2104-01-08
2103-12-21,1.0,0.39371825485111156,2103-12-28
2103-12-24,1.0,0.43950798569935157,2104-01-08
2103-12-28,0.0,0.048323930145286687,2104-01-17
2103-12-31,0.0,0.1515850180954268,2104-01-21
2104-01-01,1.0,0.30728629993367274,2104-01-08
2104-01-02,1.0,0.38010854688675666,2104-01-08
2104-01-03,1.0,0.35573865158522455,2104-01-09
2104-01-11,1.0,0.3196149275697475,2104-01-24
2104-01-14,1.0,0.30343776707954095,2104-01-24
2104-01-15,1.0,0.3487055767302887,2104-01-24
2104-01-17,1.0,0.3282967583398628,2104-01-25
2104-01-18,-1.0,-0.31636059865112287,2104-02-01
2104-01-22,-1.0,-0.33530561947702164,2104-01-31
2104-01-23,-1.0,-0.34329639400361533,2104-02-01
2104-01-29,-1.0,-0.3061847453867851,2104-02-01
2104-01-30,-1.0,-0.3386056708956594,2104-02-06
2104-02-13,0.0,0.21986970394351002,2104-03-04
2104-02-14,1.0,0.3310061672817759,2104-02-26
2104-02-15,1.0,0.3489332568452628,2104-03-05
2104-02-18,1.0,0.3474579130521709,2104-02-26
2104-02-19,1.0,0.35702675662900574,2104-03-05
2104-02-25,1.0,0.42026809816751043,2104-03-06
2104-02-27,1.0,0.3643304259916724,2104-03-06
2104-02-29,1.0,0.31189097349791584,2104-03-06
2104-04-02,1.0,0.3445854736097711,2104-04-04
2104-04-08,0.0,-0.144434653593991,2104-04-28
2104-04-15,0.0,-0.14418803341541842,2104-05-05
2104-04-17,0.0,-0.11369178800413415,2104-05-07
2104-04-18,0.0,0.06704597862933914,2104-05-08
2104-04-21,0.0,-0.02311983969690612,2104-05-12
2104-04-22,0.0,0.10408788055373419,2104-05-12
2104-04-23,0.0,0.25594500435775625,2104-05-13
2104-04-24,0.0,0.08729545044282716,2104-05-14
2104-04-25,0.0,0.14972276522749173,2104-05-15
2104-04-28,1.0,0.37582034518899565,2104-05-16
2104-04-29,1.0,0.4936369000214522,2104-05-16
2104-05-01,0.0,0.21352859158940918,2104-05-21
2104-05-02,0.0,0.19458412480889842,2104-05-22
2104-05-05,1.0,0.44164058124378447,2104-05-16
2104-05-06,1.0,0.4192130635727829,2104-05-16
2104-05-07,1.0,0.3229352778933259,2104-05-16
2104-05-08,0.0,0.21313586179821176,2104-05-28
2104-05-09,1.0,0.3773386894482216,2104-05-23
2104-05-12,1.0,0.3755450182905504,2104-05-23
2104-05-14,1.0,0.3247559564313034,2104-05-29
2104-05-15,1.0,0.3072922787938237,2104-05-29
2104-05-22,0.0,-0.11345732424224442,2104-06-11
2104-05-30,-1.0,-0.3657623801155645,2104-06-19
2104-06-02,-1.0,-0.30314159190280643,2104-06-19
2104-06-03,-1.0,-0.3191588432507976,2104-06-19
2104-06-04,-1.0,-0.35265066858967375,2104-06-19
2104-06-05,-1.0,-0.3601124296206216,2104-06-19
2104-06-06,-1.0,-0.37382181217992316,2104-06-26
2104-06-10,-1.0,-0.39909099990350005,2104-06-26
2104-06-13,-1.0,-0.353551565121916,2104-06-26
2104-06-16,-1.0,-0.3330701778144839,2104-06-26
2104-06-17,-1.0,-0.3122726552160925,2104-06-26
2104-06-18,-1.0,-0.33743743248673075,2104-06-26
2104-06-23,-1.0,-0.3486764555483499,2104-06-27
2104-06-24,-1.0,-0.36468703544696446,2104-06-27
2104-06-25,0.0,-0.262208015776067,2104-07-15
2104-07-03,-1.0,-0.3879841722842894,2104-07-21
2104-07-07,-1.0,-0.32399043939274175,2104-07-21
2104-07-08,-1.0,-0.3795146167858646,2104-07-21
2104-07-09,0.0,-0.09497132264771024,2104-07-29
2104-07-10,0.0,-0.1649374518193122,2104-07-30
2104-07-11,0.0,-0.2721531915354062,2104-07-31
2104-07-14,0.0,-0.24072600119759746,2104-08-04
2104-07-15,0.0,-0.16284881622354208,2104-08-04
2104-07-17,-1.0,-0.31721178012090956,2104-08-05
2104-07-18,0.0,-0.18421758356937012,2104-08-07
2104-07-23,0.0,-0.03737461316004975,2104-08-12
2104-07-24,0.0,-0.04991714882630083,2104-08-13
2104-07-25,0.0,-0.06839252385794792,2104-08-14
2104-07-28,0.0,-0.21712485360054012,2104-08-18
2104-07-29,0.0,-0.22533709186381257,2104-08-18
2104-07-30,0.0,-0.21887783628318302,2104-08-19
2104-08-01,0.0,-0.13808794001335367,2104-08-21
2104-08-04,0.0,-0.04381489717440101,2104-08-25
2104-08-05,0.0,0.03178809984441999,2104-08-25
2104-08-06,0.0,-0.2700063763630861,2104-08-26
2104-08-07,0.0,-0.2765214174576677,2104-08-27
2104-08-08,0.0,-0.29911178750986955,2104-08-28
2104-08-11,-1.0,-0.32913433066270814,2104-08-26
2104-08-12,-1.0,-0.3067342336855269,2104-08-20
2104-08-13,-1.0,-0.3090251122518054,2104-08-28
2104-08-14,-1.0,-0.30560947929949667,2104-08-28
2104-08-15,0.0,0.0790108181028033,2104-09-04
2104-08-18,0.0,-0.023199247619031804,2104-09-08
2104-08-19,0.0,0.020765096709465247,2104-09-08
2104-08-21,0.0,-0.1138018807697978,2104-09-10
2104-08-22,0.0,0.010963816089406109,2104-09-11
2104-08-25,0.0,0.006219196591358056,2104-09-15
2104-08-29,1.0,0.3683225936888952,2104-09-03
2104-09-01,0.0,0.042850971281742645,2104-09-22
2104-09-04,0.0,0.12138311373343935,2104-09-24
2104-09-05,0.0,0.2711967427466393,2104-09-25
2104-09-08,1.0,0.3078633844741048,2104-09-23
2104-09-09,1.0,0.4012678873586222,2104-09-23
2104-09-10,1.0,0.396150981141532,2104-09-23
2104-09-15,1.0,0.5977353558038152,2104-09-29
2104-09-16,1.0,0.3276083633776281,2104-09-23
2104-09-18,1.0,0.30322984746320314,2104-09-23
2104-09-19,1.0,0.34728014814333386,2104-09-23
2104-09-22,1.0,0.5342638383973326,2104-09-29
2104-10-13,0.0,-0.2308150170972807,2104-11-03
2104-10-14,1.0,0.32439190900897996,2104-10-16
2104-10-15,-1.0,-0.3075040923315744,2104-10-31
2104-10-17,-1.0,-0.3286140534789028,2104-10-30
2104-10-20,-1.0,-0.3545309748985954,2104-10-30
2104-10-21,-1.0,-0.33001496130818797,2104-10-31
2104-10-22,-1.0,-0.3419219055977968,2104-10-31
2104-10-23,-1.0,-0.3381185686485727,2104-10-31
2104-10-24,-1.0,-0.30130385944868654,2104-10-31
2104-10-27,-1.0,-0.35897890602064886,2104-11-11
2104-10-28,-1.0,-0.34277522190263643,2104-11-13
2104-10-29,-1.0,-0.3222291674833895,2104-11-13
2104-11-12,-1.0,-0.3312873937500648,2104-11-14
2104-11-28,1.0,0.3234826093665424,2104-12-15
2104-12-03,1.0,0.3218723026176358,2104-12-11
2104-12-04,1.0,0.41296701816356296,2104-12-16
2104-12-08,1.0,0.3022394717133483,2104-12-11
2104-12-09,1.0,0.3261847566449505,2104-12-16
2104-12-10,1.0,0.3214070468505501,2104-12-16
2104-12-25,0.0,0.07667115389487122,2105-01-14
2104-12-26,0.0,0.27515214264623333,2105-01-15
2104-12-29,1.0,0.4619879983610786,2105-01-15
2104-12-31,0.0,0.0018392562356452924,2105-01-20
2105-01-01,0.0,-0.08184863583220214,2105-01-21
2105-01-02,0.0,-0.12220402577779355,2105-01-22
2105-01-08,1.0,0.4572131406842357,2105-01-15
2105-01-09,1.0,0.3304633162973605,2105-01-15
2105-01-12,1.0,0.380797233839401,2105-01-30
2105-01-13,1.0,0.3478659366327084,2105-01-30
2105-01-14,0.0,0.12678907632521974,2105-02-03
2105-01-15,0.0,-0.06216127958188644,2105-02-04
2105-01-16,0.0,-0.1595919162344721,2105-02-05
2105-01-19,0.0,-0.11529577547836889,2105-02-09
2105-01-20,1.0,0.32867758895228216,2105-01-30
2105-01-21,1.0,0.3282305272484698,2105-01-30
2105-01-22,1.0,0.3915757955312229,2105-01-30
2105-01-26,0.0,0.11092358374340439,2105-02-16
2105-01-27,0.0,0.15691323139181024,2105-02-16
2105-01-28,0.0,-0.10850278189199503,2105-02-17
2105-01-29,0.0,-0.0071091055452113805,2105-02-18
2105-01-30,0.0,-0.1110275623727689,2105-02-19
2105-02-04,0.0,0.08659139349297251,2105-02-24
2105-02-05,0.0,0.21912920838517636,2105-02-25
2105-02-06,0.0,0.02671449090456801,2105-02-26
2105-02-09,1.0,0.31990982765515863,2105-02-16
2105-02-10,1.0,0.3136699148735089,2105-02-27
2105-02-11,0.0,-0.09090672897654173,2105-03-03
2105-02-12,1.0,0.3025480887098213,2105-02-24
2105-02-16,-1.0,-0.3138835652428438,2105-03-04
2105-02-17,0.0,-0.04680784707309449,2105-03-09
2105-02-18,0.0,-0.2503414323059445,2105-03-10
2105-02-19,0.0,-0.23401728751297157,2105-03-11
2105-02-20,0.0,-0.28192598438190675,2105-03-12
2105-03-02,-1.0,-0.3048780077880572,2105-03-12
2105-03-03,0.0,-0.04699128106387662,2105-03-23
2105-03-17,0.0,-0.19948136558980611,2105-04-06
2105-03-19,-1.0,-0.3636722026680036,2105-04-07
2105-03-23,0.0,-0.21570314932294,2105-04-13
2105-03-24,-1.0,-0.30984796636664913,2105-04-07
2105-03-25,0.0,-0.052690305549123906,2105-04-14
2105-03-26,0.0,0.07055710561496342,2105-04-15
2105-03-27,0.0,0.09712119236923011,2105-04-16
2105-03-30,1.0,0.3385481979712006,2105-04-20
2105-03-31,0.0,0.24774832855756923,2105-04-20
2105-04-02,0.0,-0.12379575963511802,2105-04-22
2105-04-06,1.0,0.37849205848735923,2105-04-24
2105-04-08,1.0,0.37632570233350005,2105-04-24
2105-04-09,0.0,0.15573119731978302,2105-04-29
2105-04-10,1.0,0.38491209321821307,2105-04-17
2105-04-13,1.0,0.3765143837043383,2105-04-20
2105-04-14,1.0,0.3070012339476398,2105-04-20
2105-04-15,1.0,0.3141348505347239,2105-05-01
2105-04-16,1.0,0.3086380033295628,2105-05-01
2105-04-21,1.0,0.43674784448038095,2105-04-24
2105-04-22,1.0,0.389784220606201,2105-04-24
2105-04-23,1.0,0.3730960217212982,2105-05-13
2105-04-28,1.0,0.3093412857672273,2105-05-01
2105-04-29,1.0,0.31308896726541713,2105-05-14
2105-04-30,1.0,0.3283596702965945,2105-05-13
2105-05-04,0.0,-0.23172473819012174,2105-05-25
2105-05-07,0.0,-0.14916469953131273,2105-05-27
2105-05-08,-1.0,-0.37988199592772565,2105-05-28
2105-05-11,-1.0,-0.38995428424790923,2105-05-28
2105-05-15,-1.0,-0.3730753556869295,2105-05-28
2105-05-18,-1.0,-0.35668221576215564,2105-05-28
2105-05-19,-1.0,-0.36283628341466423,2105-05-28
2105-05-21,-1.0,-0.33548226662782066,2105-05-28
2105-05-22,-1.0,-0.30711458276508086,2105-05-28
2105-05-26,-1.0,-0.31266522603843516,2105-05-29
2105-06-05,1.0,0.32000444868245226,2105-06-16
2105-06-08,0.0,0.10082789668160674,2105-06-29
2105-06-10,0.0,0.04492585945119787,2105-06-30
2105-06-18,1.0,0.45161949761176645,2105-07-02
2105-06-19,1.0,0.33206234646187105,2105-07-02
2105-06-25,1.0,0.3145777887459209,2105-07-02
2105-06-26,1.0,0.41931076884667573,2105-07-02
2105-06-29,1.0,0.3558583764683896,2105-07-02
2105-06-30,1.0,0.3847166581525696,2105-07-02
2105-07-01,1.0,0.33490851519987874,2105-07-03
2105-07-20,-1.0,-0.3476280428875985,2105-07-29
2105-07-21,0.0,0.005312180995252991,2105-08-10
2105-07-23,1.0,0.398033149631265,2105-08-12
2105-07-24,1.0,0.44874892654945175,2105-08-12
2105-07-27,1.0,0.32748829332432416,2105-08-11
2105-08-06,1.0,0.3614012078690536,2105-08-11
2105-08-07,1.0,0.480243443929365,2105-08-12
2105-08-10,1.0,0.31206839656603336,2105-08-12
2105-08-20,1.0,0.3125196366800569,2105-09-07
2105-08-21,0.0,0.039175572138515635,2105-09-10
2105-08-24,0.0,0.14555255465775585,2105-09-14
2105-08-25,0.0,0.09259393733793364,2105-09-14
2105-09-02,1.0,0.314350492674474,2105-09-07
2105-09-03,0.0,-0.07876147091649544,2105-09-23
2105-09-04,0.0,-0.24167733881316755,2105-09-24
2105-09-08,-1.0,-0.325552820655731,2105-09-24
2105-09-09,0.0,-0.09870397532034714,2105-09-29
2105-09-14,0.0,-0.105214688812441,2105-10-05
2105-09-15,0.0,0.06378169338242068,2105-10-05
2105-09-16,0.0,0.03955599103854612,2105-10-06
2105-09-17,0.0,0.04985459703329398,2105-10-07
2105-09-18,0.0,0.2629120329232941,2105-10-08
2105-09-23,0.0,0.29471412441111,2105-10-13
2105-09-28,1.0,0.3102342903671509,2105-10-16
2105-09-29,1.0,0.3582275580001486,2105-10-16
2105-09-30,0.0,0.1348682313231937,2105-10-20
2105-10-01,1.0,0.41067213688283877,2105-10-19
2105-10-02,1.0,0.3966053489211745,2105-10-19
2105-10-05,1.0,0.41131630966413035,2105-10-19
2105-10-06,1.0,0.3101365158199787,2105-10-16
2105-10-07,1.0,0.3569494170917027,2105-10-19
2105-10-12,1.0,0.3051089167000922,2105-10-19
2105-10-14,0.0,0.08649666377704723,2105-11-03
2105-10-15,0.0,0.18250931274524995,2105-11-04
2105-10-21,1.0,0.3154337806232339,2105-10-29
2105-10-22,1.0,0.34030094509165965,2105-10-29
2105-10-23,1.0,0.4866927737079254,2105-10-28
2105-10-26,1.0,0.46914641898199405,2105-10-28
2105-10-27,1.0,0.4209908702095144,2105-11-05
2105-10-28,1.0,0.3098077374637036,2105-11-12
2105-10-30,1.0,0.30690498467911054,2105-11-12
2105-11-02,1.0,0.3392365399391537,2105-11-12
2105-11-03,1.0,0.32340134635492834,2105-11-10
2105-11-16,1.0,0.37457729131522766,2105-11-24
2105-11-19,1.0,0.314304199883352,2105-11-25
2105-11-20,1.0,0.5011310651275516,2105-12-04
2105-11-23,1.0,0.44325669607537854,2105-12-04
2105-11-26,1.0,0.31688619603503176,2105-12-03
2105-11-27,1.0,0.4724218327358536,2105-12-04
2105-11-30,1.0,0.3233648539798404,2105-12-03
2105-12-01,1.0,0.5351689702179037,2105-12-04
2105-12-02,1.0,0.4213541443659068,2105-12-04
2105-12-07,0.0,-0.04787215960199842,2105-12-28
2105-12-08,0.0,0.03972675720455121,2105-12-28
2105-12-09,0.0,-0.0051868906718418595,2105-12-29
2105-12-10,0.0,0.26589452984605133,2105-12-30
2105-12-11,0.0,0.15549593166119324,2105-12-31
2105-12-15,1.0,0.3839655671267679,2105-12-30
2105-12-16,1.0,0.3442766651553153,2105-12-30
2105-12-22,1.0,0.3057172815902909,2106-01-01
2105-12-23,0.0,0.06449149260630826,2106-01-12
2105-12-24,1.0,0.31315654334198273,2106-01-04
2105-12-25,1.0,0.39579033170627387,2106-01-04
2105-12-28,1.0,0.30598418308519326,2106-01-04
2106-01-06,0.0,-0.1547911303629842,2106-01-26
2106-01-08,0.0,0.01624973490361703,2106-01-28
2106-01-11,0.0,0.11156962078036381,2106-02-01
2106-01-12,0.0,0.21016802021919134,2106-02-01
2106-01-13,0.0,0.0844239370665898,2106-02-02
2106-01-14,0.0,0.10536468476601968,2106-02-03
2106-01-15,0.0,0.07614021061517184,2106-02-04
2106-01-20,1.0,0.3496887306586314,2106-02-01
2106-01-21,0.0,0.10695060991295335,2106-02-10
2106-01-22,1.0,0.3671378794897078,2106-02-01
2106-01-25,0.0,0.06939642965894244,2106-02-15
2106-01-26,1.0,0.30669491221984746,2106-02-01
2106-01-27,0.0,0.02042573696397021,2106-02-16
2106-01-28,0.0,-0.015284408449773745,2106-02-17
2106-01-29,0.0,0.0755017462205132,2106-02-18
2106-02-04,0.0,0.14857796030038162,2106-02-24
2106-02-08,1.0,0.3828430340109723,2106-02-19
2106-02-09,1.0,0.3078953306619181,2106-02-23
2106-02-10,1.0,0.3240089910761561,2106-03-02
2106-02-11,1.0,0.36790783386145587,2106-03-02
2106-02-12,1.0,0.35945030435386816,2106-02-19
2106-02-15,1.0,0.3089699660516936,2106-02-23
2106-02-16,1.0,0.3173763982229667,2106-02-19
2106-02-17,1.0,0.31957414214860536,2106-02-19
2106-02-18,1.0,0.38403231407549643,2106-03-03
2106-02-19,1.0,0.3537614857238862,2106-03-04
2106-02-24,1.0,0.3422291427922741,2106-03-04
2106-02-25,1.0,0.3194861615683795,2106-03-03
2106-03-12,0.0,0.1456896935910279,2106-04-01
2106-03-15,1.0,0.32174988442973285,2106-04-02
2106-03-16,1.0,0.3526523423011274,2106-04-02
2106-03-17,1.0,0.4304961202643729,2106-04-05
2106-03-18,1.0,0.33001094987580015,2106-04-02
2106-03-19,1.0,0.36288757945927097,2106-04-02
2106-03-22,1.0,0.3393212444964644,2106-04-05
2106-03-23,1.0,0.4240586592125519,2106-04-05
2106-03-24,1.0,0.37949224607175247,2106-04-05
2106-03-25,1.0,0.43224692119266983,2106-04-05
2106-03-31,1.0,0.4569343425894292,2106-04-05
2106-04-01,1.0,0.40002417196204765,2106-04-05
2106-04-16,1.0,0.3557848735250464,2106-04-23
2106-04-19,1.0,0.4022223936888636,2106-04-23
2106-04-20,1.0,0.33562254399489566,2106-04-23
2106-04-21,1.0,0.31613763551687457,2106-04-23
2106-04-22,0.0,-0.18704701637445775,2106-05-12
2106-04-27,0.0,-0.12326018495193447,2106-05-17
2106-04-29,0.0,-0.21448936379931327,2106-05-19
2106-04-30,0.0,-0.18454817756042674,2106-05-20
2106-05-06,0.0,0.1800721457616623,2106-05-26
2106-05-07,0.0,0.25596704166033013,2106-05-27
2106-05-21,1.0,0.4657440106775874,2106-05-26
2106-06-09,-1.0,-0.32867912149554956,2106-06-18
2106-06-10,-1.0,-0.366994007836545,2106-06-18
2106-06-11,-1.0,-0.3775890507473193,2106-06-22
2106-06-16,-1.0,-0.3844151187141397,2106-06-22
2106-06-17,0.0,-0.13088468129745467,2106-07-07
2106-07-01,-1.0,-0.3093759666346715,2106-07-08
2106-07-02,0.0,-0.16689928133433962,2106-07-22
2106-07-05,0.0,-0.2161875472632595,2106-07-26
2106-07-06,-1.0,-0.30987805835337034,2106-07-23
2106-07-07,-1.0,-0.31327342268089176,2106-07-23
2106-07-08,0.0,-0.1305230619167963,2106-07-28
2106-07-09,0.0,-0.14035549433429162,2106-07-29
2106-07-12,0.0,-0.051585465628389726,2106-08-02
2106-07-13,0.0,-0.07060102756124498,2106-08-02
2106-07-14,0.0,-0.1995981115598665,2106-08-03
2106-07-16,-1.0,-0.3168743336792579,2106-08-04
2106-07-19,-1.0,-0.3414660420043232,2106-08-05
2106-07-21,-1.0,-0.3068845906109626,2106-08-04
2106-07-22,-1.0,-0.34121593043068754,2106-08-05
2106-07-23,0.0,-0.18523174007878185,2106-08-12
2106-07-26,0.0,-0.18712440768842487,2106-08-16
2106-07-27,-1.0,-0.30420323131566096,2106-08-05
2106-07-30,0.0,-0.19250727350574892,2106-08-19
2106-08-02,-1.0,-0.3818497115708629,2106-08-05
2106-08-03,-1.0,-0.3038505732354493,2106-08-23
2106-08-06,0.0,-0.10506938585607695,2106-08-26
2106-08-09,0.0,-0.15340927868335263,2106-08-30
2106-08-10,0.0,-0.2051290718344203,2106-08-30
2106-08-13,0.0,-0.2796878443553019,2106-09-02
2106-08-17,0.0,0.19732608046794065,2106-09-06
2106-08-18,0.0,0.2682631224694454,2106-09-07
2106-08-19,1.0,0.30129725018575204,2106-09-07
2106-08-20,1.0,0.3408969148099559,2106-09-07
2106-08-23,1.0,0.4518153483570302,2106-09-06
2106-08-24,1.0,0.3486527542464204,2106-09-06
2106-08-25,1.0,0.3617274195416771,2106-09-06
2106-08-26,1.0,0.32217940785259036,2106-09-06
2106-08-27,1.0,0.4282693449100681,2106-09-08
2106-08-30,1.0,0.44580852210984623,2106-09-06
2106-09-01,1.0,0.49191582716337345,2106-09-06
2106-09-03,1.0,0.313209186502331,2106-09-06
2106-09-22,0.0,-0.02610801549378239,2106-10-12
2106-09-23,0.0,-0.23243432363094718,2106-10-13
2106-09-24,-1.0,-0.33683930936103956,2106-10-13
2106-09-27,-1.0,-0.30328341203754217,2106-10-13
2106-09-28,-1.0,-0.30624128987165244,2106-10-13
2106-09-29,0.0,-0.157329125154125,2106-10-19
2106-09-30,0.0,-0.1681369405308224,2106-10-20
2106-10-01,0.0,0.023847243603434043,2106-10-21
2106-10-04,0.0,0.07146370217597298,2106-10-25
2106-10-05,-1.0,-0.330968576890604,2106-10-13
2106-10-06,0.0,0.0957733614285603,2106-10-26
2106-10-07,0.0,0.09603675777128795,2106-10-27
2106-10-08,0.0,0.2661155058574023,2106-10-28
2106-10-11,0.0,0.2569006797317406,2106-11-01
2106-10-15,1.0,0.35786836621701146,2106-10-28
2106-10-18,1.0,0.32318098013335983,2106-10-28
2106-10-20,1.0,0.32496727380937185,2106-10-26
2106-10-21,1.0,0.4228774269373574,2106-11-08
2106-10-22,1.0,0.36875835135257806,2106-11-08
2106-10-25,1.0,0.3981530018197639,2106-11-08
2106-11-09,1.0,0.42980595172411595,2106-11-12
2106-11-10,-1.0,-0.38376117137326504,2106-11-26
2106-11-11,-1.0,-0.4092098605877543,2106-11-26
2106-11-18,-1.0,-0.3603706915747552,2106-11-26
2106-11-19,-1.0,-0.349585751993438,2106-11-26
2106-11-23,-1.0,-0.3250454186337014,2106-11-29
2106-12-08,1.0,0.4273510699776242,2106-12-28
2106-12-10,1.0,0.34241101316885336,2106-12-24
2106-12-13,1.0,0.3499119735633771,2106-12-20
2106-12-14,1.0,0.41208984024809436,2106-12-20
2106-12-16,1.0,0.34130865441568137,2106-12-22
2106-12-17,1.0,0.38655524245018125,2106-12-27
2106-12-20,1.0,0.31399362445049595,2106-12-28
2106-12-21,1.0,0.37434090900707284,2106-12-28
2106-12-22,0.0,0.24100080173281668,2107-01-11
2106-12-23,1.0,0.4192273707140386,2107-01-12
2106-12-31,1.0,0.45696932746531194,2107-01-12
2107-01-03,1.0,0.35314849301052376,2107-01-11
2107-01-04,1.0,0.30739536814645607,2107-01-10
2107-01-05,1.0,0.31487025352520304,2107-01-11
2107-01-06,1.0,0.41223407348258756,2107-01-12
2107-01-07,1.0,0.36619629462607906,2107-01-21
2107-01-10,1.0,0.3405704350514436,2107-01-21
2107-01-11,1.0,0.3290238977265767,2107-01-24
2107-01-12,1.0,0.3170959832170315,2107-01-27
2107-01-26,0.0,0.028949279513848403,2107-02-15
2107-02-04,1.0,0.3276685410380047,2107-02-10
2107-02-08,1.0,0.3066778545940825,2107-02-14
2107-02-09,-1.0,-0.4011699420190249,2107-02-25
2107-02-10,-1.0,-0.3341667506495597,2107-02-23
2107-02-11,-1.0,-0.34833688105146654,2107-02-23
2107-02-14,-1.0,-0.36989875826901875,2107-02-23
2107-02-15,-1.0,-0.3208836132035803,2107-02-23
2107-02-16,-1.0,-0.30514162344544804,2107-02-23
2107-02-17,-1.0,-0.372111148859552,2107-02-23
2107-02-22,-1.0,-0.30967229722414735,2107-02-25
2107-03-08,1.0,0.3634839277718862,2107-03-11
2107-03-09,-1.0,-0.3334484364925062,2107-03-29
2107-03-18,-1.0,-0.31251867003583644,2107-03-29
2107-03-21,-1.0,-0.3527438326907155,2107-03-30
2107-03-22,-1.0,-0.3103712038407225,2107-03-30
2107-03-23,-1.0,-0.3415522161754825,2107-03-30
2107-03-24,-1.0,-0.33152292776316283,2107-03-31
2107-03-25,-1.0,-0.30267899474630533,2107-03-29
2107-04-14,-1.0,-0.30600252577317977,2107-04-29
2107-04-15,-1.0,-0.3380948226994296,2107-05-03
2107-04-18,-1.0,-0.31858173447731286,2107-05-03
2107-04-19,-1.0,-0.3164363584187718,2107-04-29
2107-04-20,-1.0,-0.33636832121601346,2107-05-03
2107-04-21,-1.0,-0.4491932391677822,2107-05-04
2107-04-26,-1.0,-0.40290374406311635,2107-05-04
2107-04-27,-1.0,-0.36273620406090157,2107-05-04
2107-05-24,-1.0,-0.3291519754753507,2107-05-30
2107-05-25,0.0,-0.28739391491814126,2107-06-14
2107-05-26,0.0,-0.183053936476127,2107-06-15
2107-05-27,0.0,-0.11160315836354628,2107-06-16
2107-05-31,0.0,0.07276230439610143,2107-06-20
2107-06-01,0.0,0.26309667060603736,2107-06-21
2107-06-09,1.0,0.4043550704908525,2107-06-22
2107-06-13,1.0,0.3700991905513238,2107-06-22
2107-06-14,1.0,0.3808801917519091,2107-06-21
2107-06-15,1.0,0.48970763436605824,2107-06-22
2107-06-16,1.0,0.38660952160163875,2107-06-22
2107-06-17,1.0,0.3180764831151477,2107-06-21
2107-06-20,1.0,0.3630445475725099,2107-06-22
2107-07-05,1.0,0.5120480456557788,2107-07-12
2107-07-06,1.0,0.3755529978585861,2107-07-12
2107-07-07,1.0,0.3714923121336251,2107-07-12
2107-07-19,1.0,0.3698265840947106,2107-07-29
2107-07-20,0.0,-0.12668058037973529,2107-08-09
2107-07-21,1.0,0.40125576802632446,2107-07-29
2107-07-22,0.0,-0.2751559515906762,2107-08-11
2107-07-25,-1.0,-0.31502818910681885,2107-08-12
2107-07-26,0.0,-0.29780070020350446,2107-08-15
2107-07-27,-1.0,-0.3103407243688987,2107-08-15
2107-07-28,-1.0,-0.32947138252713903,2107-08-11
2107-08-01,-1.0,-0.31827486648257153,2107-08-12
2107-08-02,-1.0,-0.31144036060384994,2107-08-12
2107-08-03,-1.0,-0.3112919824771012,2107-08-15
2107-08-04,0.0,-0.14914124168823328,2107-08-24
2107-08-05,0.0,-0.1766622029824153,2107-08-25
2107-08-08,-1.0,-0.39898400954299207,2107-08-29
2107-08-09,-1.0,-0.3608394943611045,2107-08-29
2107-08-10,-1.0,-0.4120992435760483,2107-08-29
2107-08-18,0.0,-0.25819441640760976,2107-09-07
2107-08-23,0.0,-0.11215450734477383,2107-09-12
2107-08-25,-1.0,-0.3330750412521306,2107-09-08
2107-08-26,-1.0,-0.5647982234911589,2107-09-15
2107-08-31,-1.0,-0.5660005203119596,2107-09-15
2107-09-01,-1.0,-0.5327593635572068,2107-09-15
2107-09-02,-1.0,-0.5337721895013539,2107-09-15
2107-09-05,-1.0,-0.5387334005315134,2107-09-15
2107-09-09,-1.0,-0.4690513224224303,2107-09-15
2107-09-12,-1.0,-0.5325767139517441,2107-09-15
2107-09-29,0.0,-0.07530727757184641,2107-10-19
2107-09-30,0.0,0.02855454253721046,2107-10-20
2107-10-03,0.0,0.2967100499461315,2107-10-24
2107-10-04,1.0,0.32564860954647123,2107-10-24
2107-10-05,0.0,0.07738506864955519,2107-10-25
2107-10-06,0.0,-0.0512330544413202,2107-10-26
2107-10-07,0.0,-0.11406946844454635,2107-10-27
2107-10-10,0.0,-0.09248489025156004,2107-10-31
2107-10-11,1.0,0.3309096393237476,2107-10-24
2107-10-12,1.0,0.33697291177809774,2107-10-24
2107-10-13,1.0,0.30441623266132223,2107-10-24
2107-10-17,1.0,0.36418829329440894,2107-10-21
2107-10-18,0.0,-0.07973924211520345,2107-11-07
2107-10-19,0.0,-0.12370502980302478,2107-11-08
2107-10-20,-1.0,-0.32357265339584773,2107-11-03
2107-10-21,-1.0,-0.3646107610948629,2107-11-03
2107-10-26,-1.0,-0.30670661516032593,2107-11-11
2107-10-27,0.0,0.08107682138440642,2107-11-16
2107-10-28,0.0,0.2577184000672479,2107-11-17
2107-10-31,1.0,0.377218072092109,2107-11-21
2107-11-01,1.0,0.4159091129466519,2107-11-21
2107-11-02,1.0,0.3899475492457234,2107-11-21
2107-11-09,1.0,0.339578681675069,2107-11-17
2107-11-10,1.0,0.43173020217266433,2107-11-17
2107-11-14,1.0,0.3690520699439599,2107-11-17
2107-11-15,1.0,0.37774130847979137,2107-11-21
2107-11-16,0.0,-0.2042656169010587,2107-12-06
2107-11-23,0.0,0.039667521968535846,2107-12-13
2107-11-24,1.0,0.30075674798841767,2107-12-09
2107-11-25,0.0,0.04609770420228876,2107-12-15
2107-11-28,0.0,-0.21593003192150184,2107-12-19
2107-11-29,0.0,-0.22158452083378577,2107-12-19
2107-11-30,-1.0,-0.3060624300320378,2107-12-20
2107-12-01,-1.0,-0.3364520061931743,2107-12-21
2107-12-07,-1.0,-0.3474585614504959,2107-12-21
2107-12-12,-1.0,-0.33368358169213896,2107-12-21
2107-12-13,-1.0,-0.4496388204423254,2107-12-22
2107-12-15,-1.0,-0.4617903073421512,2107-12-22
2107-12-16,-1.0,-0.4050346086852652,2107-12-22
2107-12-19,-1.0,-0.38686775304317345,2107-12-22
2107-12-20,-1.0,-0.31388766606902097,2107-12-22
2108-01-05,-1.0,-0.3289219254558552,2108-01-11
2108-01-06,-1.0,-0.3350431484085903,2108-01-20
2108-01-09,0.0,0.13205853179826854,2108-01-30
2108-01-10,0.0,0.20747473859985632,2108-01-30
2108-01-16,0.0,0.037822625082902794,2108-02-06
2108-01-24,1.0,0.3160730154937361,2108-01-30
2108-01-25,1.0,0.3446786848741914,2108-02-13
2108-01-26,1.0,0.33378040293023803,2108-02-14
2108-01-27,1.0,0.3280514933602985,2108-02-13
2108-01-30,1.0,0.32197275240350787,2108-02-17
2108-01-31,1.0,0.3547526500384772,2108-02-14
2108-02-09,1.0,0.30972938111067183,2108-02-20
2108-02-13,1.0,0.327067714044325,2108-02-22
2108-02-29,-1.0,-0.30524590962607956,2108-03-12
2108-03-01,0.0,-0.13703921664629204,2108-03-21
2108-03-02,1.0,0.306658453617793,2108-03-06
2108-03-05,0.0,-0.10630545380283773,2108-03-26
2108-03-06,0.0,-0.28277003729705485,2108-03-26
2108-03-07,0.0,-0.24351955231980027,2108-03-27
2108-03-08,0.0,-0.13137486314307378,2108-03-28
2108-03-14,0.0,-0.12189867819092892,2108-04-03
2108-03-15,0.0,-0.10564621211639491,2108-04-04
2108-03-19,-1.0,-0.334896115279792,2108-04-09
2108-03-22,0.0,-0.17076475176499084,2108-04-11
2108-03-26,1.0,0.3521653192802312,2108-04-13
2108-03-27,1.0,0.3557589863717956,2108-04-13
2108-03-28,0.0,0.10401164399024476,2108-04-17
2108-04-02,1.0,0.3143988820193111,2108-04-16
2108-04-03,1.0,0.3367502371051927,2108-04-16
2108-04-04,1.0,0.3320718009853607,2108-04-16
2108-04-05,1.0,0.3996342310896621,2108-04-13
2108-04-06,1.0,0.34578412105139744,2108-04-13
2108-04-09,1.0,0.4134563709029875,2108-04-12
2108-04-17,0.0,-0.12603261478093053,2108-05-07
2108-04-18,0.0,-0.07692939091350015,2108-05-08
2108-04-19,0.0,-0.01941426659779877,2108-05-09
2108-04-20,0.0,0.012740377117211876,2108-05-10
2108-04-23,1.0,0.40647074502651614,2108-05-03
2108-04-25,0.0,-0.03606296277243903,2108-05-15
2108-04-26,0.0,0.11248703278282046,2108-05-16
2108-05-01,1.0,0.36578076089087785,2108-05-21
2108-05-02,0.0,-0.0777848195328712,2108-05-22
2108-05-03,0.0,-0.2081357159284528,2108-05-23
2108-05-07,1.0,0.3246461172881754,2108-05-21
2108-05-08,1.0,0.3340732576599241,2108-05-21
2108-05-09,1.0,0.3080497350837028,2108-05-21
2108-05-10,1.0,0.35215105342546216,2108-05-21
2108-05-15,1.0,0.329697971368043,2108-05-17
2108-05-16,-1.0,-0.3629718381889382,2108-05-31
2108-05-17,-1.0,-0.32022137223961544,2108-05-24
2108-05-18,-1.0,-0.3543060463187041,2108-05-31
2108-05-22,0.0,-0.07610849221862026,2108-06-11
2108-05-23,0.0,-0.17556993843677593,2108-06-12
2108-05-24,0.0,-0.22065820762470334,2108-06-13
2108-05-25,-1.0,-0.32451077970806774,2108-06-13
2108-05-28,0.0,-0.041299959284868626,2108-06-18
2108-05-29,0.0,-0.0012721169289837686,2108-06-18
2108-06-05,0.0,-0.2398914015348843,2108-06-25
2108-06-06,0.0,-0.2093769641959643,2108-06-26
2108-06-07,0.0,-0.2510211376064896,2108-06-27
2108-06-08,0.0,-0.28407565078657326,2108-06-28
2108-06-11,-1.0,-0.31345838271141657,2108-06-28
2108-06-12,0.0,-0.1593783925349307,2108-07-02
2108-06-14,0.0,-0.0992926746574041,2108-07-04
2108-06-15,0.0,-0.2840623670130711,2108-07-05
2108-06-18,-1.0,-0.35283297317883355,2108-07-05
2108-06-19,-1.0,-0.3472118281673976,2108-07-05
2108-06-20,-1.0,-0.3528886876576587,2108-07-05
2108-06-21,-1.0,-0.3579678104006374,2108-07-05
2108-06-22,-1.0,-0.3342175096891187,2108-07-10
2108-06-26,-1.0,-0.318674662982252,2108-07-10
2108-06-27,-1.0,-0.31244733437049665,2108-07-10
2108-06-29,-1.0,-0.3159378439642626,2108-07-06
2108-07-03,-1.0,-0.3193049349108046,2108-07-06
2108-07-12,0.0,-0.24049007570899994,2108-08-01
2108-07-16,-1.0,-0.3046500436503916,2108-07-25
2108-07-18,0.0,-0.17431489513174914,2108-08-07
2108-07-19,0.0,-0.11861752512261614,2108-08-08
2108-07-20,-1.0,-0.30399898659499036,2108-08-01
2108-07-23,-1.0,-0.3387035612323913,2108-08-13
2108-07-24,-1.0,-0.3307072245899043,2108-08-13
2108-07-25,0.0,-0.17948707474863634,2108-08-14
2108-07-26,0.0,-0.18889690593231445,2108-08-15
2108-08-06,0.0,-0.11000080622520947,2108-08-27
2108-08-07,0.0,-0.07067396981943419,2108-08-27
2108-08-08,0.0,-0.002313710999077956,2108-08-28
2108-08-09,0.0,0.005979006042222013,2108-08-29
2108-08-10,0.0,0.1620407985611627,2108-08-30
2108-08-13,0.0,0.13805092441964772,2108-09-03
2108-08-14,0.0,0.129159149372861,2108-09-03
2108-08-15,0.0,-0.07699714079462472,2108-09-04
2108-08-16,0.0,-0.023247458885758743,2108-09-05
2108-08-21,0.0,-0.1349609465747722,2108-09-10
2108-08-22,0.0,-0.060170935391713254,2108-09-11
2108-08-23,0.0,0.06277304911136206,2108-09-12
2108-08-24,0.0,0.21511874925073315,2108-09-13
2108-08-27,0.0,0.2944390142453357,2108-09-17
2108-08-29,1.0,0.31952162943772233,2108-09-18
2108-09-03,1.0,0.3031102021315131,2108-09-17
2108-09-04,1.0,0.30627299871804725,2108-09-13
2108-09-05,1.0,0.3904319165727126,2108-09-14
2108-09-06,1.0,0.3404031422447831,2108-09-18
2108-09-07,1.0,0.41497396507213025,2108-09-12
2108-09-11,1.0,0.3375864232090351,2108-09-17
2108-09-12,-1.0,-0.3670002421490395,2108-09-27
2108-09-13,-1.0,-0.3768568273041333,2108-09-27
2108-09-14,-1.0,-0.3047590364017101,2108-09-21
2108-09-20,-1.0,-0.30023184569062356,2108-09-27
2108-09-21,0.0,-0.23940630481804726,2108-10-11
2108-09-24,-1.0,-0.3010847643011414,2108-10-03
2108-09-25,-1.0,-0.34138619271864445,2108-10-12
2108-10-05,-1.0,-0.3088247373723394,2108-10-18
2108-10-08,-1.0,-0.35557617295211996,2108-10-18
2108-10-11,-1.0,-0.3280750938910787,2108-10-25
2108-10-17,0.0,-0.14220877308654634,2108-11-06
2108-10-26,0.0,0.03153462178417876,2108-11-15
2108-10-30,0.0,0.13203113324053795,2108-11-19
2108-10-31,0.0,0.09962113825099439,2108-11-20
2108-11-01,0.0,0.29457866493751816,2108-11-21
2108-11-02,0.0,0.24959532695520226,2108-11-22
2108-11-05,1.0,0.3714871277288476,2108-11-14
2108-11-06,1.0,0.30604531292741743,2108-11-14
2108-11-07,1.0,0.3150541065966319,2108-11-13
2108-11-08,1.0,0.31468861398475867,2108-11-21
2108-11-09,1.0,0.3131999707338571,2108-11-27
2108-11-15,1.0,0.4037826381292089,2108-11-29
2108-11-16,1.0,0.3351184458176355,2108-11-28
2108-11-20,1.0,0.33654618773253,2108-11-29
2108-11-23,1.0,0.324922020326611,2108-11-29
2108-11-26,1.0,0.4566468347127308,2108-11-30
2108-11-27,1.0,0.34075512707685873,2108-11-30
2108-11-28,1.0,0.6223690479586463,2108-12-03
2108-12-17,1.0,0.42414726996286856,2108-12-20
2108-12-18,1.0,0.3201360919217111,2108-12-20
2108-12-19,0.0,-0.013978276488168961,2109-01-08
2109-01-01,0.0,-0.19009859816925256,2109-01-21
2109-01-02,0.0,-0.1590046596580147,2109-01-22
2109-01-03,0.0,-0.2475947933219016,2109-01-23
2109-01-04,0.0,-0.2964116944843599,2109-01-24
2109-01-07,-1.0,-0.31050958065313994,2109-01-24
2109-01-08,-1.0,-0.3525658829575169,2109-01-24
2109-01-09,-1.0,-0.33585567322811016,2109-01-24
2109-01-10,-1.0,-0.38897030727032933,2109-01-24
2109-01-11,-1.0,-0.3777951958590482,2109-01-24
2109-01-15,-1.0,-0.40544295800125807,2109-01-29
2109-01-17,-1.0,-0.3128320029497135,2109-01-25
2109-01-18,-1.0,-0.3787993278637859,2109-01-29
2109-01-21,-1.0,-0.36009591230622484,2109-01-29
2109-01-22,-1.0,-0.31544563563838546,2109-01-25
2109-02-07,0.0,-0.2940889472979179,2109-02-27
2109-02-11,-1.0,-0.31994217077432685,2109-02-27
2109-02-14,0.0,-0.2518005395829307,2109-03-06
2109-02-15,0.0,-0.19027837458713515,2109-03-07
2109-02-18,0.0,-0.12242692792078391,2109-03-11
2109-02-19,0.0,-0.028731120490427475,2109-03-11
2109-02-20,0.0,-0.07431035765441751,2109-03-12
2109-02-21,0.0,-0.010830105265123069,2109-03-13
2109-02-25,0.0,-0.10068940802131887,2109-03-18
2109-02-26,0.0,-0.008745946460547604,2109-03-18
2109-03-01,0.0,-0.21538547955706455,2109-03-21
2109-03-04,0.0,-0.1267394349187949,2109-03-25
2109-03-05,0.0,-0.23292250056977748,2109-03-25
2109-03-11,-1.0,-0.3781341792470375,2109-03-27
2109-03-12,-1.0,-0.36974351105573844,2109-03-27
2109-03-14,-1.0,-0.3318252549526517,2109-03-27
2109-03-15,-1.0,-0.30674686906224,2109-03-27
2109-03-18,-1.0,-0.30527099015467474,2109-03-26
2109-03-19,-1.0,-0.3552710566307531,2109-03-27
2109-03-20,-1.0,-0.30561907197424054,2109-03-27
2109-03-21,-1.0,-0.34302456328143194,2109-04-03
2109-03-22,-1.0,-0.3456528125526711,2109-03-29
2109-03-25,-1.0,-0.3511135343244657,2109-03-29
2109-04-10,1.0,0.3337595106021851,2109-04-17
2109-04-11,1.0,0.3442808698654718,2109-04-17
2109-04-12,1.0,0.3189093269169112,2109-04-18
2109-04-15,1.0,0.3456082836438006,2109-04-19
2109-04-25,-1.0,-0.35467733916671773,2109-05-09
2109-04-26,-1.0,-0.315136083986306,2109-05-09
2109-04-29,-1.0,-0.32462020125683044,2109-05-09
2109-04-30,-1.0,-0.35384449984395805,2109-05-09
2109-05-13,-1.0,-0.3127457015418884,2109-05-20
2109-05-23,-1.0,-0.3965669647600203,2109-06-06
2109-05-31,-1.0,-0.3346483238609522,2109-06-07
2109-06-03,-1.0,-0.32620561329548536,2109-06-12
2109-06-21,0.0,-0.05079010943563822,2109-07-11
2109-06-24,0.0,0.0829668433057571,2109-07-15
2109-06-26,0.0,0.10882517181751106,2109-07-16
2109-06-27,0.0,-0.08911855041851191,2109-07-17
2109-07-01,0.0,-0.1522828071728768,2109-07-22
2109-07-02,0.0,-0.16450515729509618,2109-07-22
2109-07-05,-1.0,-0.34491587630368403,2109-07-24
2109-07-08,-1.0,-0.3182903772092879,2109-07-24
2109-07-09,-1.0,-0.30107476316686765,2109-07-24
2109-07-10,-1.0,-0.30702600461513907,2109-07-23
2109-07-11,-1.0,-0.34702318412621946,2109-07-24
2109-07-17,-1.0,-0.3009222868573438,2109-08-06
2109-07-18,-1.0,-0.31526995540391756,2109-08-06
2109-07-19,-1.0,-0.31794434843124375,2109-08-08
2109-07-29,-1.0,-0.30652187404207953,2109-08-06
2109-07-30,-1.0,-0.32127302739774577,2109-08-06
2109-07-31,-1.0,-0.4193000438561061,2109-08-12
2109-08-01,-1.0,-0.4210653559253448,2109-08-12
2109-08-02,-1.0,-0.36667198503779563,2109-08-12
2109-08-05,-1.0,-0.31868154434684315,2109-08-12
2109-08-06,-1.0,-0.35111282791825527,2109-08-15
2109-08-07,-1.0,-0.35105671518573,2109-08-12
2109-08-08,-1.0,-0.30322171126374453,2109-08-15
2109-08-22,0.0,-0.26998525097820136,2109-08-29
2109-08-26,0.0,-0.10887839169323144,2109-08-29
2109-08-27,0.0,-0.053089864316728796,2109-08-29
2109-08-28,0.0,-0.04791960371064574,2109-08-29
2109-08-29,0.0,0.0,2109-08-29
