,price
2100-01-01,85.46794592163775
2100-01-04,88.08291532421573
2100-01-05,103.50867492979745
2100-01-06,88.1410258903016
2100-01-07,88.70298895625191
2100-01-08,112.10644238508387
2100-01-11,124.78269881747694
2100-01-12,144.46492413324304
2100-01-13,153.68472713850406
2100-01-14,188.8147231145821
2100-01-15,183.26204227701152
2100-01-18,201.18860975318307
2100-01-19,185.2955235679792
2100-01-20,190.19779538079598
2100-01-21,188.6339543200443
2100-01-22,207.5679947844738
2100-01-25,192.0490028987006
2100-01-26,170.4064024998037
2100-01-27,169.43930257323495
2100-01-28,148.41224634828856
2100-01-29,173.5559266010926
2100-02-01,179.40839301239973
2100-02-02,160.79170937572036
2100-02-03,159.52117451152546
2100-02-04,160.56644038296616
2100-02-05,143.1015883087594
2100-02-08,117.93229166105976
2100-02-09,106.83084275009811
2100-02-10,103.30324170329493
2100-02-11,112.27040436166466
2100-02-12,116.68925846906077
2100-02-15,131.3753214021009
2100-02-16,124.36758563568564
2100-02-17,105.80983832120224
2100-02-18,102.00261184303292
2100-02-19,103.21608284601223
2100-02-22,100.03125201367223
2100-02-23,100.89477417555047
2100-02-24,89.61246700619863
2100-02-25,101.23422731125405
2100-02-26,99.6541298543138
2100-03-01,105.25840377243931
2100-03-02,105.69971512442568
2100-03-03,118.47390245339022
2100-03-04,135.06873971566395
2100-03-05,138.3871251101801
2100-03-08,168.0199849507651
2100-03-09,144.74319298525688
2100-03-10,130.9161891437958
2100-03-11,147.46547141122534
2100-03-12,145.74908385120716
2100-03-15,152.1275008243354
2100-03-16,121.07366263149837
2100-03-17,113.58179235164774
2100-03-18,82.73445603433534
2100-03-19,91.30124536533505
2100-03-22,97.7664900775928
2100-03-23,96.65642838179006
2100-03-24,100.83126088754175
2100-03-25,106.92886564570041
2100-03-26,95.60912364071696
2100-03-29,88.50637524924251
2100-03-30,80.3445437340959
2100-03-31,84.0459955254512
2100-04-01,93.20179566000026
2100-04-02,114.62193678151871
2100-04-05,106.09383601187434
2100-04-06,114.65116800706765
2100-04-07,119.26624027765926
2100-04-08,122.02804642867828
2100-04-09,123.86270492553835
2100-04-12,134.47442763439926
2100-04-13,146.62777148305108
2100-04-14,121.96347121733595
2100-04-15,132.38908342515123
2100-04-16,128.89778510775218
2100-04-19,150.28828805061406
2100-04-20,171.3260545377782
2100-04-21,182.93973446706053
2100-04-22,178.93867859841234
2100-04-23,192.53393791193383
2100-04-26,197.50458121960062
2100-04-27,158.85236201161692
2100-04-28,138.91978364985636
2100-04-29,142.49834518235204
2100-04-30,136.58624697263411
2100-05-03,139.89052357173543
2100-05-04,145.03132271568876
2100-05-05,147.9691529859758
2100-05-06,149.45304041149555
2100-05-07,148.04231398995117
2100-05-10,156.8080541533911
2100-05-11,135.67467068530493
2100-05-12,140.45307345393257
2100-05-13,125.78550650444707
2100-05-14,139.8860276106945
2100-05-17,124.24898324817907
2100-05-18,108.83940850492206
2100-05-19,115.619133210203
2100-05-20,110.15741457106944
2100-05-21,101.536316913669
2100-05-24,101.55010756953749
2100-05-25,105.25685580135224
2100-05-26,105.13058618804058
2100-05-27,110.64045708176748
2100-05-28,109.20656756469963
2100-05-31,116.74819685040676
2100-06-01,108.60301741448104
2100-06-02,109.10856064258225
2100-06-03,104.1363914800527
2100-06-04,85.25329364720298
2100-06-07,91.14780289673632
2100-06-08,64.91993876231422
2100-06-09,70.00244447875782
2100-06-10,66.57572343585468
2100-06-11,70.02625578308306
2100-06-14,64.98324996094867
2100-06-15,73.74856548337802
2100-06-16,64.97973017331165
2100-06-17,72.61491596804227
2100-06-18,71.51683364732449
2100-06-21,64.99627614424605
2100-06-22,61.6266698440488
2100-06-23,60.49082593455878
2100-06-24,59.09548475228665
2100-06-25,55.03146137599695
2100-06-28,44.75732727352544
2100-06-29,45.31686631946757
2100-06-30,38.47218420483907
2100-07-01,46.27438192216392
2100-07-02,42.74862913250626
2100-07-05,48.90326411702236
2100-07-06,47.12347482024997
2100-07-07,41.60439387675715
2100-07-08,48.55583657177051
2100-07-09,49.19223123521794
2100-07-12,47.089279951957295
2100-07-13,49.01724316319165
2100-07-14,55.99438794820417
2100-07-15,56.52267039033351
2100-07-16,57.46732376465054
2100-07-19,61.84876304521569
2100-07-20,66.96097002689204
2100-07-21,72.21034953272564
2100-07-22,82.71217286922668
2100-07-23,83.24850013280441
2100-07-26,96.75667458013919
2100-07-27,96.88821227467929
2100-07-28,103.84858476340011
2100-07-29,103.29716965827014
2100-07-30,115.07032275003372
2100-08-02,116.00009023080102
2100-08-03,114.44484775378254
2100-08-04,130.8886905075147
2100-08-05,128.32793916187606
2100-08-06,120.89235178571658
2100-08-09,119.61289273101315
2100-08-10,115.63776343353413
2100-08-11,126.11644789934297
2100-08-12,104.52892319359033
2100-08-13,120.62031724202413
2100-08-16,145.0189122388093
2100-08-17,121.87017241390201
2100-08-18,122.1769830774643
2100-08-19,116.05840145083019
2100-08-20,113.75505092635558
2100-08-23,104.18786642032154
2100-08-24,102.1925939209383
2100-08-25,101.48584554608256
2100-08-26,102.89912943091785
2100-08-27,94.6138977502095
2100-08-30,82.99021457069617
2100-08-31,78.1352646150447
2100-09-01,81.81564039317894
2100-09-02,77.82282656048297
2100-09-03,76.67069413339674
2100-09-06,71.66731059452044
2100-09-07,72.68480050432996
2100-09-08,72.47336059202868
2100-09-09,70.59570272190376
2100-09-10,61.973694118497605
2100-09-13,62.28648668365041
2100-09-14,71.36455598814054
2100-09-15,75.39755034396794
2100-09-16,84.71533568896776
2100-09-17,75.05605760149548
2100-09-20,69.3307120166724
2100-09-21,75.09914937516675
2100-09-22,78.23583316709521
2100-09-23,78.74156867199083
2100-09-24,89.02486502544227
2100-09-27,85.35231129916691
2100-09-28,90.35992259569318
2100-09-29,97.81080965204133
2100-09-30,102.17289269116354
2100-10-01,97.68517328674575
2100-10-04,94.5017907858049
2100-10-05,88.27810512326118
2100-10-06,87.20971286456394
2100-10-07,85.77802711644375
2100-10-08,89.75985294473963
2100-10-11,80.63609572326179
2100-10-12,85.2579241955405
2100-10-13,89.45356787332382
2100-10-14,87.50482396242806
2100-10-15,98.80582884162529
2100-10-18,98.3815520989828
2100-10-19,104.54838952016128
2100-10-20,105.0317933518335
2100-10-21,117.97136292541128
2100-10-22,104.97769110512667
2100-10-25,106.25189528761334
2100-10-26,101.39650188709317
2100-10-27,75.22109223598957
2100-10-28,83.04582632820194
2100-10-29,74.35967902980613
2100-11-01,69.21906807656286
2100-11-02,81.60754759287418
2100-11-03,78.48163258233305
2100-11-04,65.51067073920701
2100-11-05,64.79296834440134
2100-11-08,65.66611162796788
2100-11-09,70.78902281626142
2100-11-10,76.81457417224384
2100-11-11,62.85118989501277
2100-11-12,62.88410013670996
2100-11-15,69.18084369680368
2100-11-16,69.34678491438827
2100-11-17,67.55843400126888
2100-11-18,66.06836704453086
2100-11-19,56.848107976938486
2100-11-22,58.25030942984179
2100-11-23,69.11084173376139
2100-11-24,58.98362409094656
2100-11-25,70.27662459679769
2100-11-26,71.24818993366524
2100-11-29,74.035554716389
2100-11-30,80.5726920138466
2100-12-01,81.26143595667165
2100-12-02,73.62474625629639
2100-12-03,83.08662135545028
2100-12-06,96.70087659158241
2100-12-07,108.0136469755519
2100-12-08,101.80828318705495
2100-12-09,90.96868080238588
2100-12-10,110.08197928712914
2100-12-13,111.31076475350383
2100-12-14,126.25344949243681
2100-12-15,123.81637463213787
2100-12-16,115.91028452076964
2100-12-17,117.76821171909513
2100-12-20,138.99409416420693
2100-12-21,131.55585113087946
2100-12-22,130.70031785150172
2100-12-23,140.4888226642017
2100-12-24,125.39479369026193
2100-12-27,120.1935282633349
2100-12-28,109.78585115694179
2100-12-29,111.5043688767556
2100-12-30,104.93852778838115
2100-12-31,112.05872510576384
2101-01-03,109.80386190950885
2101-01-04,103.10280866359535
2101-01-05,90.80097033703936
2101-01-06,94.25891730687862
2101-01-07,103.85188612648916
2101-01-10,102.48767337123587
2101-01-11,95.9731934665755
2101-01-12,94.08147763154503
2101-01-13,95.46551214775843
2101-01-14,83.40755585088516
2101-01-17,83.88436855575436
2101-01-18,81.88729338299659
2101-01-19,82.20059605730697
2101-01-20,65.74015237203342
2101-01-21,61.69606822080442
2101-01-24,66.28661831528272
2101-01-25,64.42460919826107
2101-01-26,65.00056902736777
2101-01-27,66.95051841918942
2101-01-28,64.33488865653926
2101-01-31,61.55152794950317
2101-02-01,54.817173993274146
2101-02-02,56.8516751102466
2101-02-03,55.07397703501501
2101-02-04,55.5498097600452
2101-02-07,57.88388051269896
2101-02-08,45.24831422901628
2101-02-09,38.25245694798827
2101-02-10,34.640473508703785
2101-02-11,35.98306890241088
2101-02-14,37.651362318648005
2101-02-15,38.02492340215339
2101-02-16,39.993436656812285
2101-02-17,42.54510045913552
2101-02-18,45.48710608448062
2101-02-21,40.83547745234037
2101-02-22,42.600507946080825
2101-02-23,41.303925938175354
2101-02-24,38.94081100836193
2101-02-25,38.427579905753014
2101-02-28,34.72477050337583
2101-03-01,40.005370746673655
2101-03-02,39.17351361411625
2101-03-03,41.14784376138622
2101-03-04,46.86487023775782
2101-03-07,45.99734774115702
2101-03-08,43.23064735106077
2101-03-09,47.62825883116613
2101-03-10,37.94634625865454
2101-03-11,38.97419904077977
2101-03-14,36.173269060276006
2101-03-15,35.479994528148055
2101-03-16,29.572518227653187
2101-03-17,23.63400942838112
2101-03-18,25.248303669852852
2101-03-21,26.431747941333363
2101-03-22,28.831768311566012
2101-03-23,21.687457950510055
2101-03-24,20.136192940806158
2101-03-25,18.493340699081543
2101-03-28,17.484395960758054
2101-03-29,17.482817417810907
2101-03-30,20.588618343533334
2101-03-31,20.89927922771596
2101-04-01,20.91910780934278
2101-04-04,20.942244187633293
2101-04-05,17.470610096028196
2101-04-06,18.177946225904325
2101-04-07,20.881819276361895
2101-04-08,21.14745565305622
2101-04-11,19.66325226879165
2101-04-12,18.57366206694905
2101-04-13,17.24966121722154
2101-04-14,18.204877437266397
2101-04-15,19.788109748885564
2101-04-18,19.390123922804918
2101-04-19,18.7814542715274
2101-04-20,18.41014195340899
2101-04-21,20.72342495293722
2101-04-22,20.14638760967197
2101-04-25,19.97628590476431
2101-04-26,24.446682283234562
2101-04-27,21.383131348918727
2101-04-28,22.26474208859414
2101-04-29,24.540095335531905
2101-05-02,25.161550885632504
2101-05-03,25.16511055989613
2101-05-04,26.57803299329738
2101-05-05,24.392375933942727
2101-05-06,22.980972601352555
2101-05-09,24.20609820067513
2101-05-10,20.796552242874984
2101-05-11,22.192205333594266
2101-05-12,21.53147125975986
2101-05-13,20.395877253153788
2101-05-16,22.04702916607492
2101-05-17,23.800425309875838
2101-05-18,21.58171501415147
2101-05-19,22.23441667684973
2101-05-20,24.629443157690417
2101-05-23,27.744636534518648
2101-05-24,24.891061505065817
2101-05-25,21.65738294686206
2101-05-26,20.82525471193653
2101-05-27,20.54885847255053
2101-05-30,21.609612977950235
2101-05-31,20.070844954841345
2101-06-01,21.525562595145438
2101-06-02,22.51289443987509
2101-06-03,24.27950935198558
2101-06-06,22.215614777007666
2101-06-07,22.31138261149299
2101-06-08,23.0496534837627
2101-06-09,26.522430507408746
2101-06-10,23.722586240828445
2101-06-13,24.4827650276988
2101-06-14,22.70607923481259
2101-06-15,24.321556373858723
2101-06-16,21.279079026528763
2101-06-17,21.520363079982726
2101-06-20,20.875805135127727
2101-06-21,20.22449016052738
2101-06-22,21.296800994288116
2101-06-23,22.091187659338356
2101-06-24,22.001090159121567
2101-06-27,23.99683436348776
2101-06-28,27.97578774608175
2101-06-29,28.49926208811302
2101-06-30,23.566622351893113
2101-07-01,27.43588003130456
2101-07-04,29.748798984844317
2101-07-05,28.03654417948834
2101-07-06,27.20927909230116
2101-07-07,28.17820874366024
2101-07-08,31.41826735448999
2101-07-11,32.576955151511015
2101-07-12,37.602391300097445
2101-07-13,41.167681799102816
2101-07-14,49.30130859214232
2101-07-15,49.75667982589938
2101-07-18,38.10669735474209
2101-07-19,40.80597521601506
2101-07-20,42.886799628615904
2101-07-21,46.115174081434255
2101-07-22,47.224533404839306
2101-07-25,41.88107964079713
2101-07-26,36.28925976879313
2101-07-27,30.97615242444579
2101-07-28,30.29405499970858
2101-07-29,26.053504499724323
2101-08-01,25.819680100982566
2101-08-02,24.728093030630546
2101-08-03,23.928391477355856
2101-08-04,26.448272877604406
2101-08-05,30.175957931129528
2101-08-08,30.90700997556391
2101-08-09,30.51914311774225
2101-08-10,31.77182906420854
2101-08-11,32.364177705938815
2101-08-12,28.541418365544256
2101-08-15,21.697047733558282
2101-08-16,22.721621732322628
2101-08-17,21.4765756755686
2101-08-18,20.635588068861445
2101-08-19,20.90857441852665
2101-08-22,18.352857471370573
2101-08-23,17.777019307053816
2101-08-24,15.236092918822381
2101-08-25,12.741629711235694
2101-08-26,11.198958922817377
2101-08-29,11.651778629995158
2101-08-30,11.014735043961196
2101-08-31,9.830715120918468
2101-09-01,8.965197596972674
2101-09-02,9.817723475916516
2101-09-05,11.831178083136999
2101-09-06,11.62715441834046
2101-09-07,12.676802758175917
2101-09-08,12.073503130668204
2101-09-09,11.190091884581587
2101-09-12,12.93660257023629
2101-09-13,12.988614352715599
2101-09-14,13.912947948062637
2101-09-15,15.474104412728243
2101-09-16,13.820039663033374
2101-09-19,12.938612018378565
2101-09-20,12.864784855307773
2101-09-21,13.920078458970533
2101-09-22,13.93859006073056
2101-09-23,12.824270842014664
2101-09-26,12.37597622560813
2101-09-27,13.791265760841315
2101-09-28,13.092184358820752
2101-09-29,13.765941050188834
2101-09-30,12.160911948209096
2101-10-03,14.710952619469811
2101-10-04,12.08097218305357
2101-10-05,11.832003623544225
2101-10-06,10.301546099603526
2101-10-07,9.506558518298865
2101-10-10,9.697411722472177
2101-10-11,9.899824546545352
2101-10-12,10.956442380855067
2101-10-13,12.202555477506948
2101-10-14,12.392809651853632
2101-10-17,13.444818244661565
2101-10-18,11.840726306198473
2101-10-19,11.480894737471116
2101-10-20,12.47857010983934
2101-10-21,11.714167350869902
2101-10-24,12.761200446178433
2101-10-25,13.055958265329576
2101-10-26,13.560617139473003
2101-10-27,11.450659518724258
2101-10-28,12.49960815395515
2101-10-31,12.15970499818538
2101-11-01,11.89527761092605
2101-11-02,11.753404196297362
2101-11-03,11.131012514311957
2101-11-04,9.56943823658052
2101-11-07,9.064112257504172
2101-11-08,9.560369346814417
2101-11-09,9.682136708892028
2101-11-10,9.664153061631598
2101-11-11,9.36696496965301
2101-11-14,9.161727511951296
2101-11-15,9.447640434890726
2101-11-16,9.9802397881602
2101-11-17,11.43017253164674
2101-11-18,11.24979975851865
2101-11-21,9.819472441930275
2101-11-22,8.955647253579622
2101-11-23,9.253988903929868
2101-11-24,9.514628477527593
2101-11-25,9.946352623527554
2101-11-28,10.68295363730411
2101-11-29,11.924096323281738
2101-11-30,11.996026883102425
2101-12-01,10.741542789151257
2101-12-02,10.426208978854184
2101-12-05,10.099674773845086
2101-12-06,10.652725744961165
2101-12-07,10.81525961771124
2101-12-08,11.106576225570043
2101-12-09,12.53147725459618
2101-12-12,12.414647193375645
2101-12-13,11.375660092835641
2101-12-14,11.459559189321395
2101-12-15,12.30105454926305
2101-12-16,13.06218910170698
2101-12-19,12.298021691522631
2101-12-20,12.475310685509953
2101-12-21,14.833748975196482
2101-12-22,15.415410414702341
2101-12-23,13.308921584028543
2101-12-26,13.53965235316094
2101-12-27,14.187068322125318
2101-12-28,14.887787042430222
2101-12-29,13.133254851889243
2101-12-30,12.767997211253492
2102-01-02,13.004808942730783
2102-01-03,14.840314168478297
2102-01-04,16.13875779171519
2102-01-05,14.202243373957089
2102-01-06,14.00754961093273
2102-01-09,13.507510782329105
2102-01-10,10.384211870730258
2102-01-11,11.374768446250917
2102-01-12,10.439471970681664
2102-01-13,11.030933908297108
2102-01-16,12.71989053012679
2102-01-17,13.453713899943914
2102-01-18,14.68825184993281
2102-01-19,12.004278614632634
2102-01-20,13.403587523540534
2102-01-23,11.146829718493189
2102-01-24,8.222681235730326
2102-01-25,7.308491469287636
2102-01-26,8.240865598457255
2102-01-27,8.107587992085366
2102-01-30,8.152243748789886
2102-01-31,8.46034361079228
2102-02-01,8.246975554660436
2102-02-02,10.49754097205868
2102-02-03,10.77306563038875
2102-02-06,12.499334207681702
2102-02-07,14.280298912174198
2102-02-08,15.842882233015793
2102-02-09,14.745081651349892
2102-02-10,16.591482314824717
2102-02-13,18.41424059124185
2102-02-14,19.341676118248216
2102-02-15,17.57661570801044
2102-02-16,16.797164466768095
2102-02-17,17.38345035602298
2102-02-20,20.134534282172307
2102-02-21,21.176500761157815
2102-02-22,19.631237976683064
2102-02-23,14.498337437261084
2102-02-24,14.87180610978149
2102-02-27,16.345516692654115
2102-02-28,15.82804207715819
2102-03-01,13.336476145903825
2102-03-02,13.680269378823459
2102-03-03,14.168002807313645
2102-03-06,13.877073263383272
2102-03-07,14.62072775480493
2102-03-08,12.698012150375822
2102-03-09,12.138759279154655
2102-03-10,13.072116206489461
2102-03-13,14.595451841984394
2102-03-14,13.022455855155043
2102-03-15,12.638035497447559
2102-03-16,12.99424331599082
2102-03-17,12.458750919024855
2102-03-20,14.36116856673569
2102-03-21,13.11802246853809
2102-03-22,12.98575375696321
2102-03-23,13.342325540962834
2102-03-24,14.609428205432721
2102-03-27,14.046630105379037
2102-03-28,13.787790218659396
2102-03-29,13.752736330310977
2102-03-30,13.69662685820221
2102-03-31,13.342773665408366
2102-04-03,11.343012628466507
2102-04-04,10.914967409611483
2102-04-05,11.111476940108767
2102-04-06,11.084092553330791
2102-04-07,10.847314249275883
2102-04-10,10.284573435617181
2102-04-11,10.655351113631374
2102-04-12,10.360917971251489
2102-04-13,10.74848598876892
2102-04-14,11.41277813204912
2102-04-17,11.106399604206366
2102-04-18,11.82954626177277
2102-04-19,14.324645791618254
2102-04-20,13.679535195047654
2102-04-21,13.616312676045775
2102-04-24,14.60977266439601
2102-04-25,15.881676233094687
2102-04-26,14.453251056947982
2102-04-27,13.993393676041151
2102-04-28,13.000907503523804
2102-05-01,13.192745487357223
2102-05-02,12.451933203295535
2102-05-03,12.453678968237908
2102-05-04,12.06871284518201
2102-05-05,11.097536947012964
2102-05-08,13.729779338531516
2102-05-09,13.849820468268902
2102-05-10,13.304265803859735
2102-05-11,13.547916139414673
2102-05-12,14.07579352232049
2102-05-15,12.527831785700489
2102-05-16,11.747464095348246
2102-05-17,10.340522856131546
2102-05-18,11.876515361789233
2102-05-19,14.84631889394303
2102-05-22,14.625682342854528
2102-05-23,17.498304394508125
2102-05-24,16.58959053970933
2102-05-25,15.273874286731193
2102-05-26,14.52399631874056
2102-05-29,14.969673520299963
2102-05-30,16.644801289196018
2102-05-31,15.61542851997652
2102-06-01,14.709372410987934
2102-06-02,16.162268444382335
2102-06-05,16.93468718950618
2102-06-06,15.885622013720987
2102-06-07,14.352278670107696
2102-06-08,13.861419392127116
2102-06-09,14.693434678286643
2102-06-12,10.887598263318116
2102-06-13,11.083973522552428
2102-06-14,10.216000553712158
2102-06-15,9.616188974882046
2102-06-16,10.092787964471306
2102-06-19,11.442443107847666
2102-06-20,8.632017712468217
2102-06-21,10.659871338175178
2102-06-22,12.128012916285826
2102-06-23,12.250017778793511
2102-06-26,15.054135082422574
2102-06-27,13.959688843953735
2102-06-28,14.017568332605443
2102-06-29,13.596781702313674
2102-06-30,14.11646039684516
2102-07-03,11.886868804960681
2102-07-04,13.207178260956676
2102-07-05,12.50634953631887
2102-07-06,10.311381336493593
2102-07-07,10.62483841127157
2102-07-10,8.900625729121684
2102-07-11,8.383379776843931
2102-07-12,7.808097857654711
2102-07-13,7.329926796960839
2102-07-14,7.24155458054544
2102-07-17,6.908441020359714
2102-07-18,7.771853590241713
2102-07-19,7.517225785835952
2102-07-20,7.14110295344036
2102-07-21,6.70320778872113
2102-07-24,7.615949031302209
2102-07-25,7.275408961906351
2102-07-26,7.189047120464018
2102-07-27,7.242497846506015
2102-07-28,8.098542032060555
2102-07-31,7.733896313871516
2102-08-01,7.82213961927955
2102-08-02,8.534015653201461
2102-08-03,7.675555216054784
2102-08-04,6.903812809699154
2102-08-07,7.842913920929993
2102-08-08,8.971819263215858
2102-08-09,8.838325287118648
2102-08-10,8.606887569585757
2102-08-11,9.122981697022436
2102-08-14,10.63879349787142
2102-08-15,9.600150958579642
2102-08-16,9.402342129584758
2102-08-17,6.760966764113059
2102-08-18,6.493492520355598
2102-08-21,6.827142187637575
2102-08-22,6.938139666105206
2102-08-23,7.706127431735569
2102-08-24,7.720840880103968
2102-08-25,8.063032470957586
2102-08-28,6.400774223010804
2102-08-29,6.600532998324668
2102-08-30,6.585573812249784
2102-08-31,5.617169126138761
2102-09-01,5.332984832954623
2102-09-04,5.03000788658852
2102-09-05,5.391738644972062
2102-09-06,4.431485069834638
2102-09-07,4.2379549746639915
2102-09-08,4.466756847719218
2102-09-11,4.9550204504976785
2102-09-12,5.168365427320721
2102-09-13,5.8402284577844785
2102-09-14,5.213528094345237
2102-09-15,5.491493519138422
2102-09-18,5.656536850331716
2102-09-19,5.876335903981151
2102-09-20,5.89188622146762
2102-09-21,5.48228024757493
2102-09-22,6.068312583589577
2102-09-25,5.915719413294205
2102-09-26,6.5720761117350035
2102-09-27,7.7834303390071575
2102-09-28,8.814909965184107
2102-09-29,7.715982521275419
2102-10-02,8.239994657415863
2102-10-03,9.430886564998211
2102-10-04,8.52245625593229
2102-10-05,9.13342740837637
2102-10-06,10.196334735622136
2102-10-09,8.96253875997107
2102-10-10,9.061106381054904
2102-10-11,8.791073299492503
2102-10-12,8.433163678692488
2102-10-13,7.973132037151178
2102-10-16,8.152109589009973
2102-10-17,7.342375782024048
2102-10-18,7.698837986075173
2102-10-19,8.064255476832182
2102-10-20,7.22031407298491
2102-10-23,6.848996922288328
2102-10-24,8.035567671346818
2102-10-25,7.478014301072388
2102-10-26,6.167273933765201
2102-10-27,5.483565833504091
2102-10-30,5.513720262596257
2102-10-31,5.171955355812436
2102-11-01,4.95514495568189
2102-11-02,5.37898699883941
2102-11-03,5.61570587432024
2102-11-06,5.499244146309869
2102-11-07,6.212289579940292
2102-11-08,5.3316287781401925
2102-11-09,5.319449135983363
2102-11-10,5.7105240389078205
2102-11-13,6.431142469922604
2102-11-14,6.1894920900366985
2102-11-15,7.666290040117571
2102-11-16,8.182082944866158
2102-11-17,8.637353049761636
2102-11-20,8.772418333456104
2102-11-21,9.339394103914197
2102-11-22,9.00738361832673
2102-11-23,8.800794948175234
2102-11-24,9.528061331060863
2102-11-27,8.640903793260314
2102-11-28,8.753404541760466
2102-11-29,7.941721812550583
2102-11-30,8.235366771781072
2102-12-01,8.389195129033359
2102-12-04,8.090092351555171
2102-12-05,6.4761687060064395
2102-12-06,6.583992312882038
2102-12-07,6.198872505248081
2102-12-08,6.026206373186752
2102-12-11,7.059894654480621
2102-12-12,6.452561197094603
2102-12-13,5.933704697139435
2102-12-14,4.811738306771042
2102-12-15,4.551694283713551
2102-12-18,5.267437568378025
2102-12-19,5.599367788830989
2102-12-20,6.587927678359485
2102-12-21,6.228375593734451
2102-12-22,6.66905856176124
2102-12-25,5.963886638438671
2102-12-26,5.676072901603611
2102-12-27,5.863561967740298
2102-12-28,5.8024853177021
2102-12-29,5.959330242962499
2103-01-01,5.490005808776197
2103-01-02,4.975546208433905
2103-01-03,5.018203769540061
2103-01-04,6.252583196090054
2103-01-05,5.9684191439127945
2103-01-08,6.474665847928696
2103-01-09,6.66095519193587
2103-01-10,6.897905826918118
2103-01-11,7.046219985439829
2103-01-12,6.766048045718387
2103-01-15,6.181567775498794
2103-01-16,6.235736029648311
2103-01-17,6.904757794429038
2103-01-18,6.797526759699017
2103-01-19,6.651114210028316
2103-01-22,6.162715532055811
2103-01-23,6.199536459115632
2103-01-24,6.551284196624205
2103-01-25,6.435907632538658
2103-01-26,5.983809749585322
2103-01-29,6.9890344144715275
2103-01-30,8.23629110461155
2103-01-31,7.147059072923829
2103-02-01,7.476736683142141
2103-02-02,8.573443782326578
2103-02-05,7.981871018567695
2103-02-06,7.45104322737114
2103-02-07,8.039583146184166
2103-02-08,7.102053751320405
2103-02-09,7.190281837085149
2103-02-12,7.720940661474522
2103-02-13,6.928117392380654
2103-02-14,6.282817875773919
2103-02-15,6.795966761080484
2103-02-16,6.898590981605521
2103-02-19,7.803904137679719
2103-02-20,8.487254840788795
2103-02-21,7.7378046492840955
2103-02-22,10.027303259949296
2103-02-23,9.836911295042668
2103-02-26,11.436336905449634
2103-02-27,11.79944563816754
2103-02-28,11.717248779704867
2103-03-01,11.445479234159006
2103-03-02,11.995131564094981
2103-03-05,11.545278575100543
2103-03-06,11.07812786666306
2103-03-07,14.069577949307982
2103-03-08,12.677861858084091
2103-03-09,14.318446164285211
2103-03-12,15.291833308063199
2103-03-13,16.505607789633395
2103-03-14,15.507493072112927
2103-03-15,13.783168223032607
2103-03-16,16.00191867850665
2103-03-19,12.783297188110565
2103-03-20,12.375894465052834
2103-03-21,11.132865562546131
2103-03-22,10.980471739709312
2103-03-23,10.354446103473377
2103-03-26,9.67652220079192
2103-03-27,10.458861720153035
2103-03-28,10.445594865012712
2103-03-29,10.550983706910417
2103-03-30,11.410213269509772
2103-04-02,13.18057517522401
2103-04-03,13.06325321770382
2103-04-04,13.054512890884876
2103-04-05,14.245507350359334
2103-04-06,15.979216026451
2103-04-09,17.86354694586211
2103-04-10,15.856009537726623
2103-04-11,16.309325056489072
2103-04-12,16.14123530196199
2103-04-13,18.885340949191583
2103-04-16,18.12639112902238
2103-04-17,18.7301173140902
2103-04-18,16.253130144202682
2103-04-19,15.386927328306818
2103-04-20,16.03967895462054
2103-04-23,13.30573446764568
2103-04-24,11.979936564544188
2103-04-25,10.379908737037546
2103-04-26,11.050758872730624
2103-04-27,9.71846979708633
2103-04-30,9.924831479288134
2103-05-01,11.056222629635974
2103-05-02,10.670822518025659
2103-05-03,11.22736530523475
2103-05-04,11.286515875891071
2103-05-07,8.834763401046489
2103-05-08,8.728384922853904
2103-05-09,9.721026755859926
2103-05-10,8.699857316757535
2103-05-11,8.305807577722153
2103-05-14,7.688404600511147
2103-05-15,7.2602594875752935
2103-05-16,6.8591990620505445
2103-05-17,7.827747299692646
2103-05-18,7.526082863531712
2103-05-21,7.142770030237894
2103-05-22,7.3753892725208505
2103-05-23,8.007019077187241
2103-05-24,8.19164987405641
2103-05-25,7.62679653535983
2103-05-28,6.773591965345561
2103-05-29,5.971051234685472
2103-05-30,5.964094647409459
2103-05-31,5.719701724085887
2103-06-01,5.868277743661745
2103-06-04,5.52190591299402
2103-06-05,6.187629878966434
2103-06-06,5.653228362706975
2103-06-07,6.096029746518312
2103-06-08,5.8598119054010835
2103-06-11,5.322884361655676
2103-06-12,5.721248511300373
2103-06-13,5.684986248958959
2103-06-14,5.558633725557499
2103-06-15,4.507080219030695
2103-06-18,4.290336121292662
2103-06-19,4.522823683107243
2103-06-20,3.937447000402381
2103-06-21,4.52976854955711
2103-06-22,4.779444398111702
2103-06-25,5.384350751967134
2103-06-26,5.401299614126922
2103-06-27,6.104307837361859
2103-06-28,6.713215056717975
2103-06-29,7.623485301748109
2103-07-02,6.8489929725509695
2103-07-03,6.000306288734676
2103-07-04,6.131761162793666
2103-07-05,5.724028451375678
2103-07-06,5.337924819597106
2103-07-09,5.959547012635376
2103-07-10,6.774694227186886
2103-07-11,6.075401954198992
2103-07-12,6.543195979235899
2103-07-13,6.946140268122168
2103-07-16,7.351186261782074
2103-07-17,8.629547706997483
2103-07-18,8.825596368461646
2103-07-19,7.45245374451725
2103-07-20,6.794191748145082
2103-07-23,6.799050233103497
2103-07-24,6.991295246721626
2103-07-25,7.968961684647535
2103-07-26,10.6026695183528
2103-07-27,11.666929623448222
2103-07-30,12.335281406775737
2103-07-31,12.693367425929324
2103-08-01,11.311358862250346
2103-08-02,12.114603153137002
2103-08-03,12.312355058298767
2103-08-06,11.212008889084192
2103-08-07,11.351792623904798
2103-08-08,11.40609868641798
2103-08-09,12.534428143650672
2103-08-10,10.43746503010154
2103-08-13,10.157218716948037
2103-08-14,8.749526813587211
2103-08-15,8.47976555506479
2103-08-16,8.359456108063766
2103-08-17,7.498092177587192
2103-08-20,8.351902691285368
2103-08-21,8.834422511933516
2103-08-22,8.199580608835896
2103-08-23,8.687184605247397
2103-08-24,7.821489157683545
2103-08-27,8.69860662178204
2103-08-28,7.4928680303196495
2103-08-29,7.949133951129631
2103-08-30,6.499704138757857
2103-08-31,5.633127878960172
2103-09-03,5.842841970481488
2103-09-04,5.835888146310494
2103-09-05,5.693892356672759
2103-09-06,4.764942934628659
2103-09-07,4.562733700080032
2103-09-10,4.570414414609914
2103-09-11,3.6233503620939107
2103-09-12,3.8142151266210025
2103-09-13,3.5225348092074458
2103-09-14,3.5784621890603865
2103-09-17,3.340246917557551
2103-09-18,2.985944220079809
2103-09-19,2.9497843495363703
2103-09-20,3.090046495394476
2103-09-21,3.026335395147999
2103-09-24,3.5623015193834733
2103-09-25,3.771148662646879
2103-09-26,3.7484549968124856
2103-09-27,3.979686947356056
2103-09-28,4.697238210312401
2103-10-01,4.726888682576373
2103-10-02,4.2253852433260155
2103-10-03,4.003656484947426
2103-10-04,3.5098813042728367
2103-10-05,3.743811827488723
2103-10-08,4.271541339982596
2103-10-09,3.843166776418352
2103-10-10,3.5305073168585976
2103-10-11,3.4674680213596063
2103-10-12,3.425029092977657
2103-10-15,3.0241024537002223
2103-10-16,3.2732459736134847
2103-10-17,3.7352701187822976
2103-10-18,3.452269144081885
2103-10-19,3.5575952881522968
2103-10-22,4.122756532624215
2103-10-23,3.981954879782834
2103-10-24,3.809637937419905
2103-10-25,4.173511908687604
2103-10-26,4.328665190391399
2103-10-29,4.503310000720311
2103-10-30,3.449884086831373
2103-10-31,3.87135194295493
2103-11-01,3.8484097046380077
2103-11-02,3.8192333228653994
2103-11-05,4.151918434018712
2103-11-06,3.626025008283139
2103-11-07,4.223679210294595
2103-11-08,4.54849909565334
2103-11-09,4.59185881059863
2103-11-12,4.924030196955751
2103-11-13,5.031940063513279
2103-11-14,5.085753994268057
2103-11-15,4.658854334650277
2103-11-16,5.4916889571515215
2103-11-19,5.460946869978218
2103-11-20,4.8511966939553
2103-11-21,4.9929242575999675
2103-11-22,5.48869457013871
2103-11-23,5.770345609625915
2103-11-26,5.263525252833144
2103-11-27,5.762529136717796
2103-11-28,5.873276754724138
2103-11-29,4.7539570319495015
2103-11-30,4.581288419213627
2103-12-03,4.635616113794269
2103-12-04,4.468291078206569
2103-12-05,4.3091737294694035
2103-12-06,4.535229060837721
2103-12-07,4.3920505011065165
2103-12-10,4.69553736069242
2103-12-11,5.314268541666873
2103-12-12,5.488753004975982
2103-12-13,6.010539569694899
2103-12-14,5.970306808498772
2103-12-17,5.881066311517868
2103-12-18,5.078216363637978
2103-12-19,4.436219818908969
2103-12-20,4.369195928966622
2103-12-21,3.757314865567237
2103-12-24,4.321697282530704
2103-12-25,4.239969089297917
2103-12-26,4.081026640013687
2103-12-27,4.299045160213372
2103-12-28,5.236638317364508
2103-12-31,5.610298401646894
2104-01-01,4.758802834768309
2104-01-02,4.507701777524462
2104-01-03,4.8453417493538415
2104-01-04,5.337990942611756
2104-01-07,5.372864140411959
2104-01-08,6.221117749978135
2104-01-09,6.56901708973857
2104-01-10,5.434892718323018
2104-01-11,5.351123056483628
2104-01-14,5.41753664267389
2104-01-15,5.235703022536383
2104-01-16,5.533883103946021
2104-01-17,5.489693261608962
2104-01-18,5.987548973017338
2104-01-21,6.460735586381282
2104-01-22,6.679095371270015
2104-01-23,6.233138295700469
2104-01-24,7.061421864598449
2104-01-25,7.291941763675372
2104-01-28,7.105070547120643
2104-01-29,5.899732483890954
2104-01-30,5.326528880007066
2104-01-31,4.439557160260215
2104-02-01,4.093324395460657
2104-02-04,3.733049258111856
2104-02-05,3.8081878347036926
2104-02-06,3.522935995047168
2104-02-07,3.6172882664810806
2104-02-08,4.044875217797756
2104-02-11,4.581162854297059
2104-02-12,4.405164637813697
2104-02-13,4.633513466271549
2104-02-14,4.224755902854246
2104-02-15,4.550189134795991
2104-02-18,4.173173876148642
2104-02-19,4.523051162314194
2104-02-20,4.42372085681272
2104-02-21,4.841424098371672
2104-02-22,5.0624956539431105
2104-02-25,4.985519995610979
2104-02-26,5.623176161959088
2104-02-27,5.1899267711454815
2104-02-28,5.386301223717234
2104-02-29,5.397380686035911
2104-03-03,5.380318340005264
2104-03-04,5.652282700318942
2104-03-05,6.1379014488622845
2104-03-06,7.0807750025425
2104-03-07,8.01125432829513
2104-03-10,8.69475163374589
2104-03-11,8.246903508154722
2104-03-12,10.097041397899815
2104-03-13,11.300948364303324
2104-03-14,11.59788210618614
2104-03-17,11.092465645657205
2104-03-18,12.171210452847985
2104-03-19,12.665058595886583
2104-03-20,12.349284364297647
2104-03-21,12.593506943458543
2104-03-24,13.70310910767529
2104-03-25,15.840316625332495
2104-03-26,16.38608700922925
2104-03-27,17.629857435852276
2104-03-28,20.728938202092724
2104-03-31,18.965091976801844
2104-04-01,16.74477233773023
2104-04-02,12.225362233952303
2104-04-03,14.73093915033315
2104-04-04,16.438044469389766
2104-04-07,16.449553120210382
2104-04-08,14.625409191618747
2104-04-09,12.512925348234747
2104-04-10,12.71933699461255
2104-04-11,13.107003055155058
2104-04-14,13.213031543015491
2104-04-15,13.953642278285718
2104-04-16,16.581486543595055
2104-04-17,14.682485068079721
2104-04-18,13.688641951233521
2104-04-21,13.718808730853976
2104-04-22,12.138193261792514
2104-04-23,11.783591393957792
2104-04-24,13.483214038060693
2104-04-25,12.921444113992674
2104-04-28,12.512993281356922
2104-04-29,11.525981137354604
2104-04-30,12.67032311668084
2104-05-01,13.617034944407575
2104-05-02,13.496448246333042
2104-05-05,11.941694039197461
2104-05-06,12.130406052185538
2104-05-07,13.013207088345736
2104-05-08,14.606410346960597
2104-05-09,13.38417948690116
2104-05-12,13.401632072164116
2104-05-13,14.799542744634337
2104-05-14,14.66023728093025
2104-05-15,14.856078457472153
2104-05-16,17.215630735704064
2104-05-19,15.70441594113064
2104-05-20,15.525653312174988
2104-05-21,16.524661237710692
2104-05-22,16.12264281637435
2104-05-23,18.434548233828217
2104-05-26,18.2272515925392
2104-05-27,18.74422169510743
2104-05-28,17.719560204038363
2104-05-29,19.421236660608603
2104-05-30,18.529419392674914
2104-06-02,16.864336738850877
2104-06-03,17.261081732430693
2104-06-04,18.154115997690788
2104-06-05,18.36581205426923
2104-06-06,15.8017003012073
2104-06-09,14.716823845503743
2104-06-10,16.46618715562084
2104-06-11,14.293410902715072
2104-06-12,14.427190654570643
2104-06-13,15.306217054964364
2104-06-16,14.836163761070505
2104-06-17,14.38750419644137
2104-06-18,14.933955741301046
2104-06-19,11.75205485345064
2104-06-20,12.342505445191625
2104-06-23,13.211293299099774
2104-06-24,13.544232305118767
2104-06-25,12.18909743968075
2104-06-26,9.89468005908595
2104-06-27,8.604826378359999
2104-06-30,9.564785927618628
2104-07-01,10.9516858185762
2104-07-02,10.932407064600579
2104-07-03,11.891620950334703
2104-07-04,9.790681587495905
2104-07-07,10.765913180669944
2104-07-08,11.72930166557835
2104-07-09,9.925779945222846
2104-07-10,10.2089705719799
2104-07-11,10.186747459244243
2104-07-14,9.9154139340631
2104-07-15,8.993018385920923
2104-07-16,8.568533909410807
2104-07-17,10.21820981351228
2104-07-18,9.753354425472134
2104-07-21,7.277860238800579
2104-07-22,8.002090607171812
2104-07-23,9.399953155791453
2104-07-24,8.423069068478375
2104-07-25,8.547859133274146
2104-07-28,8.888884014115938
2104-07-29,8.983115495514916
2104-07-30,8.52512898013919
2104-07-31,7.414391626845733
2104-08-01,8.33646525962214
2104-08-04,7.528515987497151
2104-08-05,6.976873288919102
2104-08-06,7.904205615129607
2104-08-07,7.956615041516035
2104-08-08,7.88942494662982
2104-08-11,8.600857016069344
2104-08-12,9.048633542871158
2104-08-13,8.002613476212929
2104-08-14,7.963249473567316
2104-08-15,7.210513649014723
2104-08-18,6.958886373878833
2104-08-19,6.659167194931265
2104-08-20,6.273107867197419
2104-08-21,7.185299944928031
2104-08-22,6.9700334009222304
2104-08-25,7.19865483362913
2104-08-26,5.770019698959704
2104-08-27,5.756440572071022
2104-08-28,5.5296049484184175
2104-08-29,6.186502535995595
2104-09-01,7.23313374087278
2104-09-02,7.9555914484494465
2104-09-03,8.46513119591642
2104-09-04,7.780222231364806
2104-09-05,7.00572671442248
2104-09-08,6.797445445738512
2104-09-09,6.344347206300058
2104-09-10,6.367599297300096
2104-09-11,7.046451565266959
2104-09-12,7.377282232722907
2104-09-15,7.243424683232799
2104-09-16,6.696349805920083
2104-09-17,6.378810674719743
2104-09-18,6.821613258587275
2104-09-19,6.598575670170017
2104-09-22,7.5430805470799225
2104-09-23,8.890130006441659
2104-09-24,8.724609831345994
2104-09-25,8.905656979946972
2104-09-26,9.162761474341842
2104-09-29,11.573075713503094
2104-09-30,11.926117130309489
2104-10-01,11.719264750245669
2104-10-02,11.705334932481621
2104-10-03,12.091391384343218
2104-10-06,13.090908520374207
2104-10-07,12.480448410466677
2104-10-08,11.742928877961385
2104-10-09,12.601801124505643
2104-10-10,12.497741214255345
2104-10-13,11.593422041095659
2104-10-14,10.833530429160204
2104-10-15,12.468280113236574
2104-10-16,14.347840046382357
2104-10-17,13.848159530246154
2104-10-20,14.404191885627379
2104-10-21,12.887202632074926
2104-10-22,13.12037739521365
2104-10-23,13.044984411257154
2104-10-24,12.35763653605845
2104-10-27,12.245879741607288
2104-10-28,11.146343494826647
2104-10-29,10.808451438938103
2104-10-30,9.297459693789467
2104-10-31,8.634232954079941
2104-11-03,8.917486134464173
2104-11-04,10.013227354867096
2104-11-05,9.207002436340579
2104-11-06,8.78915363699589
2104-11-07,9.01190502643609
2104-11-10,8.845295410960372
2104-11-11,7.849867228704678
2104-11-12,8.989703887811237
2104-11-13,7.325653129984435
2104-11-14,6.011528316233427
2104-11-17,6.116011057260165
2104-11-18,7.462739029524477
2104-11-19,6.406731659482183
2104-11-20,5.2266735503643735
2104-11-21,5.1969203374769775
2104-11-24,6.1161262250050346
2104-11-25,5.839301562347099
2104-11-26,5.661005902951542
2104-11-27,5.393541904794814
2104-11-28,5.912296388736569
2104-12-01,4.650671883635386
2104-12-02,4.969896075638692
2104-12-03,5.5435570386982445
2104-12-04,6.143114967248277
2104-12-05,6.662882188372664
2104-12-08,5.627132848150435
2104-12-09,6.545105268339762
2104-12-10,6.568769901898709
2104-12-11,7.327874507436251
2104-12-12,7.622640144226578
2104-12-15,7.82482145191346
2104-12-16,8.68001883750875
2104-12-17,7.61158835442156
2104-12-18,8.721664891182082
2104-12-19,10.557756892895911
2104-12-22,10.994133043864196
2104-12-23,9.829653755829021
2104-12-24,9.851707126531636
2104-12-25,8.15785171898542
2104-12-26,7.990955284586598
2104-12-29,6.969745144524925
2104-12-30,6.930851445667916
2104-12-31,8.29687425061162
2105-01-01,9.056166976101412
2105-01-02,9.041317320510379
2105-01-05,8.522484649237366
2105-01-06,7.903435212457631
2105-01-07,7.021017449078356
2105-01-08,6.99258294373208
2105-01-09,7.658748368416821
2105-01-12,7.998384069529144
2105-01-13,8.193801993380658
2105-01-14,8.783323623583291
2105-01-15,10.189683752930842
2105-01-16,10.141182336884173
2105-01-19,8.854910529535669
2105-01-20,8.312134328313421
2105-01-21,8.314932063238873
2105-01-22,7.936431945609517
2105-01-23,9.302776355238262
2105-01-26,9.307699519153905
2105-01-27,8.937699583386765
2105-01-28,9.375336484192937
2105-01-29,9.509184110129231
2105-01-30,11.044146598390974
2105-02-02,11.140765288579708
2105-02-03,9.896953112882898
2105-02-04,9.556279972313902
2105-02-05,8.522731614857646
2105-02-06,9.277333295822295
2105-02-09,7.83397675324128
2105-02-10,8.244749111959774
2105-02-11,8.666325401576655
2105-02-12,7.971891143006253
2105-02-13,8.505168253175484
2105-02-16,10.340142906225218
2105-02-17,8.358086394484488
2105-02-18,9.441582316641476
2105-02-19,9.817941923084117
2105-02-20,9.560858923205773
2105-02-23,9.961542315466389
2105-02-24,10.383771571725548
2105-02-25,10.390311046900717
2105-02-26,9.525172531772185
2105-02-27,10.830878864061633
2105-03-02,9.876546040354864
2105-03-03,7.878498107073007
2105-03-04,7.094541985698746
2105-03-05,7.188366528893472
2105-03-06,7.637766813536433
2105-03-09,7.966862364707747
2105-03-10,7.077963076258971
2105-03-11,7.520373785284084
2105-03-12,6.865404359744448
2105-03-13,7.088851019427256
2105-03-16,7.426953108753126
2105-03-17,7.795531878301053
2105-03-18,8.444267227781484
2105-03-19,8.36257508598372
2105-03-20,9.528490128296673
2105-03-23,7.50827738816232
2105-03-24,7.710386588985199
2105-03-25,6.5468675469542745
2105-03-26,6.487037198892198
2105-03-27,6.35655819257954
2105-03-30,6.055744176383302
2105-03-31,6.49642661837352
2105-04-01,6.663911818754604
2105-04-02,7.064293573777787
2105-04-03,6.1709068847688355
2105-04-06,6.240468533718692
2105-04-07,5.321338984487451
2105-04-08,6.250291119599392
2105-04-09,7.113131015157631
2105-04-10,5.429805089622292
2105-04-13,5.888718309545489
2105-04-14,6.2019110955156105
2105-04-15,6.944743767662631
2105-04-16,6.973914703607263
2105-04-17,7.519802732435715
2105-04-20,8.105905454672461
2105-04-21,5.987436381422001
2105-04-22,6.189763984526484
2105-04-23,7.630410889685864
2105-04-24,8.602436314971472
2105-04-27,8.373531546148744
2105-04-28,6.970168826358808
2105-04-29,8.220867424840613
2105-04-30,7.88738703154634
2105-05-01,9.126329813119288
2105-05-04,9.605899938987013
2105-05-05,8.32813784476505
2105-05-06,7.787894227442252
2105-05-07,8.729858398468243
2105-05-08,9.530654984636634
2105-05-11,9.688012871769908
2105-05-12,9.538162894684167
2105-05-13,10.477286836726531
2105-05-14,10.794730316909869
2105-05-15,9.427178848663939
2105-05-18,9.186953775226703
2105-05-19,9.275686283970618
2105-05-20,9.401011288059365
2105-05-21,8.893864602502983
2105-05-22,8.529737528839552
2105-05-25,7.379975290544741
2105-05-26,8.404967904824566
2105-05-27,7.427671693509821
2105-05-28,5.910130746574342
2105-05-29,5.777026715016801
2105-06-01,6.33133944168153
2105-06-02,6.5871494194013005
2105-06-03,7.332258168839302
2105-06-04,7.007051911506429
2105-06-05,7.030800020784442
2105-06-08,7.245427695582279
2105-06-09,6.540001553533731
2105-06-10,7.473970652682739
2105-06-11,7.229380013543145
2105-06-12,7.094438180223184
2105-06-15,7.732283356488306
2105-06-16,9.28068730523214
2105-06-17,9.056245924170808
2105-06-18,7.449806442332026
2105-06-19,8.118452048319694
2105-06-22,9.245216989501353
2105-06-23,9.16680698118624
2105-06-24,9.334585926758876
2105-06-25,8.226431617591464
2105-06-26,7.619391413418603
2105-06-29,7.975968930686501
2105-06-30,7.809745207767542
2105-07-01,8.967844236113741
2105-07-02,10.814284285122916
2105-07-03,11.971251633774385
2105-07-06,13.526542991268789
2105-07-07,12.561695460255573
2105-07-08,11.391091627749367
2105-07-09,13.389028303477927
2105-07-10,11.810451771722821
2105-07-13,13.828657642828365
2105-07-14,14.269579597634491
2105-07-15,15.367066467333204
2105-07-16,17.493273538803823
2105-07-17,17.435615291346135
2105-07-20,15.402207140630821
2105-07-21,14.246903013750673
2105-07-22,14.93924281608441
2105-07-23,13.44189250864834
2105-07-24,12.971337528876568
2105-07-27,12.157730210911676
2105-07-28,11.498385747731495
2105-07-29,10.047968016183933
2105-07-30,10.218450037376222
2105-07-31,10.143576975185487
2105-08-03,10.531374268909323
2105-08-04,10.581062244025055
2105-08-05,11.6627400245676
2105-08-06,11.854877485853583
2105-08-07,12.695351834145521
2105-08-10,14.322585141181532
2105-08-11,16.13924452838072
2105-08-12,18.792211320870546
2105-08-13,15.64114185393235
2105-08-14,17.37946459792619
2105-08-17,19.010398753348174
2105-08-18,17.8640397242225
2105-08-19,14.227160401309122
2105-08-20,12.922090755638314
2105-08-21,14.190763199699102
2105-08-24,13.350486975729329
2105-08-25,13.997592278641365
2105-08-26,12.641764706905963
2105-08-27,12.36326445427996
2105-08-28,12.55788416422404
2105-08-31,13.416530736438503
2105-09-01,13.418444657051273
2105-09-02,12.90409061986614
2105-09-03,13.959780663483704
2105-09-04,14.680626324478718
2105-09-07,16.96049786373712
2105-09-08,16.506335800962034
2105-09-09,14.436621858877432
2105-09-10,14.746694467129506
2105-09-11,16.06758271596721
2105-09-14,15.293684460971829
2105-09-15,12.864071918838263
2105-09-16,12.976008983296394
2105-09-17,13.556966381079647
2105-09-18,11.930568305620165
2105-09-21,11.645713623081503
2105-09-22,12.233441571825933
2105-09-23,12.860287804756076
2105-09-24,11.132651622268169
2105-09-25,10.836258805339263
2105-09-28,13.48828125761344
2105-09-29,13.01166989120961
2105-09-30,14.930515522287555
2105-10-01,13.690813162548293
2105-10-02,13.828708786340007
2105-10-05,13.684564209615013
2105-10-06,13.48928787835576
2105-10-07,14.232843477002287
2105-10-08,15.067258272780984
2105-10-09,14.18096818916358
2105-10-12,14.798189187541801
2105-10-13,16.65039626480964
2105-10-14,16.90885269006922
2105-10-15,16.171314379999433
2105-10-16,17.67280862184169
2105-10-19,19.313248659675697
2105-10-20,16.944167743521966
2105-10-21,15.422069046005449
2105-10-22,15.135936943499019
2105-10-23,13.197671005497574
2105-10-26,13.35529383602461
2105-10-27,15.739312195695673
2105-10-28,19.620882113647852
2105-10-29,20.2867105902195
2105-10-30,19.664461846573538
2105-11-02,19.189726715107973
2105-11-03,18.37141203605776
2105-11-04,19.122729853680507
2105-11-05,22.365418933460816
2105-11-06,23.795041134950328
2105-11-09,22.910738424859247
2105-11-10,24.312751422959973
2105-11-11,23.79475535048782
2105-11-12,25.699583208319144
2105-11-13,24.28156697157568
2105-11-16,21.776036065875626
2105-11-17,23.503982324730828
2105-11-18,24.757513841645633
2105-11-19,23.19861173524263
2105-11-20,25.63708968355843
2105-11-23,26.665132992697128
2105-11-24,29.932844671014024
2105-11-25,30.490032835092602
2105-11-26,24.139202068563087
2105-11-27,26.136960813698156
2105-11-30,24.02102631922796
2105-12-01,25.068661815114773
2105-12-02,27.076033018230905
2105-12-03,31.788581987391012
2105-12-04,38.48463174345063
2105-12-07,30.56647423289769
2105-12-08,27.991191818702426
2105-12-09,29.71667358367689
2105-12-10,25.47003449898662
2105-12-11,26.888405345456974
2105-12-14,28.83105646309693
2105-12-15,23.297095038423056
2105-12-16,23.98492675131882
2105-12-17,22.30297000109412
2105-12-18,23.928767320781937
2105-12-21,23.377933317575373
2105-12-22,26.58940890515368
2105-12-23,29.272757475501955
2105-12-24,28.94423170379169
2105-12-25,27.230670961431247
2105-12-28,29.10319109995004
2105-12-29,29.562536446667547
2105-12-30,32.242377347257374
2105-12-31,31.069442985532614
2106-01-01,34.71825071472993
2106-01-04,38.00830725384052
2106-01-05,37.335432373089276
2106-01-06,34.14391020918077
2106-01-07,34.66242221951929
2106-01-08,31.414765184348788
2106-01-11,33.92460757871748
2106-01-12,31.160601297799545
2106-01-13,34.95060183181783
2106-01-14,33.424045970799824
2106-01-15,33.850495221386076
2106-01-18,27.970206159299636
2106-01-19,29.03221427770696
2106-01-20,27.939451760107563
2106-01-21,32.7501864523291
2106-01-22,27.582853015142085
2106-01-25,30.002707526531413
2106-01-26,28.85873575288944
2106-01-27,30.859408115768133
2106-01-28,31.925246790653834
2106-01-29,34.55095503578813
2106-02-01,37.70956318139764
2106-02-02,37.90126924130665
2106-02-03,36.945760038118095
2106-02-04,36.42787905697028
2106-02-05,34.95094404718343
2106-02-08,29.998945427458402
2106-02-09,32.11115085357691
2106-02-10,36.252838868168645
2106-02-11,35.08941423194734
2106-02-12,30.515152028122845
2106-02-15,32.084788308974176
2106-02-16,31.48973426880462
2106-02-17,31.437288278845653
2106-02-18,37.15961247457656
2106-02-19,41.48383271203616
2106-02-22,37.90002614321942
2106-02-23,41.998024263573704
2106-02-24,41.84025902532392
2106-02-25,38.9773731178852
2106-02-26,44.0993476272886
2106-03-01,43.85654296346871
2106-03-02,47.999084613490425
2106-03-03,51.43010444333688
2106-03-04,56.15921500576723
2106-03-05,55.391045015631505
2106-03-08,59.57438479411377
2106-03-09,59.147300067952024
2106-03-10,50.57916216053911
2106-03-11,59.43868876216083
2106-03-12,47.67824341855064
2106-03-15,47.94805419132402
2106-03-16,46.85264136548138
2106-03-17,53.4608799197257
2106-03-18,47.650235580339576
2106-03-19,46.500779698320684
2106-03-22,57.10025255355308
2106-03-23,53.70254997316971
2106-03-24,55.43748544354583
2106-03-25,53.395528508034
2106-03-26,58.532136609576156
2106-03-29,57.39837981427372
2106-03-30,59.62379038774753
2106-03-31,52.49075340977002
2106-04-01,54.62447209315773
2106-04-02,63.37533508601309
2106-04-05,76.47558131108713
2106-04-06,78.45800138068482
2106-04-07,83.39332238659702
2106-04-08,85.90212053612107
2106-04-09,74.001124853162
2106-04-12,74.75360323657685
2106-04-13,85.20143825413618
2106-04-14,72.65710970155197
2106-04-15,76.71359452110121
2106-04-16,70.33086788871972
2106-04-19,68.0017144602616
2106-04-20,71.39257064365562
2106-04-21,72.44951003013246
2106-04-22,82.64431404423739
2106-04-23,95.35352682541462
2106-04-26,92.76719216210694
2106-04-27,80.22048810606587
2106-04-28,86.70528132819352
2106-04-29,81.85314200706623
2106-04-30,80.7691257185605
2106-05-03,90.0277143211163
2106-05-04,99.7457060570684
2106-05-05,93.79613116757484
2106-05-06,84.62157376748117
2106-05-07,79.43404210186121
2106-05-10,66.93370688794509
2106-05-11,60.90534937588132
2106-05-12,67.18594168194909
2106-05-13,61.901414223359765
2106-05-14,61.405199342418214
2106-05-17,70.33249590517774
2106-05-18,69.76544727143454
2106-05-19,64.29651365299574
2106-05-20,65.86333076405117
2106-05-21,68.12892388170631
2106-05-24,81.01903605719951
2106-05-25,78.18539156442
2106-05-26,99.85956213352028
2106-05-27,99.76653886579673
2106-05-28,85.97946727861857
2106-05-31,86.98614176085768
2106-06-01,95.20555996358974
2106-06-02,95.45917419921274
2106-06-03,92.38497666716549
2106-06-04,98.28802256548717
2106-06-07,115.32687547797995
2106-06-08,115.53905050297652
2106-06-09,103.70489763664766
2106-06-10,109.98199677179565
2106-06-11,97.67521828610143
2106-06-14,111.10720274399415
2106-06-15,115.29607613412422
2106-06-16,98.75831453970375
2106-06-17,80.96686941113201
2106-06-18,69.61926298664841
2106-06-21,70.98731317242029
2106-06-22,60.79412533191518
2106-06-23,63.04669062642107
2106-06-24,61.73200931574401
2106-06-25,58.88004704037616
2106-06-28,63.65405094713097
2106-06-29,69.86165582464542
2106-06-30,73.83315328048961
2106-07-01,83.04649183060955
2106-07-02,67.53138673431629
2106-07-05,65.48967980250843
2106-07-06,70.02333197636841
2106-07-07,70.36954651260336
2106-07-08,57.35390314489638
2106-07-09,59.29144918785361
2106-07-12,63.219926794293535
2106-07-13,64.51341050688359
2106-07-14,63.639086203541126
2106-07-15,63.16222820376939
2106-07-16,61.47997121087816
2106-07-19,56.28181457070608
2106-07-20,51.97672320605642
2106-07-21,60.59387185725935
2106-07-22,56.26044682084754
2106-07-23,48.3246378240979
2106-07-26,51.33162655494791
2106-07-27,53.267689331912315
2106-07-28,49.86789609354513
2106-07-29,50.969568527295884
2106-07-30,51.22474062079551
2106-08-02,59.95869743361719
2106-08-03,50.936844775918765
2106-08-04,41.998546298811185
2106-08-05,37.06348611242583
2106-08-06,43.50770137334714
2106-08-09,42.05925815157984
2106-08-10,44.79592401091283
2106-08-11,36.84737250967626
2106-08-12,39.373381071263324
2106-08-13,43.00020891448911
2106-08-16,41.72622634016986
2106-08-17,42.99653422748785
2106-08-18,42.44099280303278
2106-08-19,41.36360546784698
2106-08-20,40.1420463113724
2106-08-23,35.459655291950746
2106-08-24,38.17207330664547
2106-08-25,37.80556303818193
2106-08-26,38.93637391003996
2106-08-27,41.550916345900404
2106-08-30,35.606977696589055
2106-08-31,31.186534495072323
2106-09-01,34.50655248975131
2106-09-02,30.973573176368014
2106-09-03,39.20233907091412
2106-09-06,51.48087180030368
2106-09-07,53.826346053077614
2106-09-08,59.345900069772206
2106-09-09,62.88188463043829
2106-09-10,67.08390095553062
2106-09-13,72.06008327885478
2106-09-14,75.69008842002913
2106-09-15,81.4818561480098
2106-09-16,70.04447564640243
2106-09-17,69.05404169413971
2106-09-20,75.82236260776871
2106-09-21,71.57786663301052
2106-09-22,63.13410490344452
2106-09-23,68.83763227580275
2106-09-24,79.67511422685719
2106-09-27,75.83772898524384
2106-09-28,76.16106725008986
2106-09-29,72.57887940331769
2106-09-30,74.12566412115481
2106-10-01,72.76233226736079
2106-10-04,70.75825330421416
2106-10-05,78.97596727497958
2106-10-06,74.55981976492757
2106-10-07,75.39586461673245
2106-10-08,70.56019902056889
2106-10-11,69.47763499200565
2106-10-12,61.48579871443931
2106-10-13,52.837403777420676
2106-10-14,59.503065979723814
2106-10-15,65.79235830142969
2106-10-18,67.51711475426626
2106-10-19,61.16010780212697
2106-10-20,61.66240174100849
2106-10-21,74.49751333009455
2106-10-22,77.44305631129748
2106-10-25,75.81490004483858
2106-10-26,81.70066433132229
2106-10-27,82.6366390038864
2106-10-28,89.33736207632656
2106-10-29,79.0230343566545
2106-11-01,87.32648664760566
2106-11-02,85.43724521438848
2106-11-03,87.07827402297461
2106-11-04,88.7900846644166
2106-11-05,93.61072513676741
2106-11-08,106.00083008035641
2106-11-09,80.15729354800743
2106-11-10,89.59289418513357
2106-11-11,93.45216936229275
2106-11-12,114.6093753890381
2106-11-15,109.23280320506352
2106-11-16,112.54328297063904
2106-11-17,103.83050252645731
2106-11-18,86.31658905976842
2106-11-19,84.88531783419465
2106-11-22,78.41370865438589
2106-11-23,72.72072506982244
2106-11-24,67.73370123998879
2106-11-25,67.14098803230422
2106-11-26,55.210620165925725
2106-11-29,49.0831865461557
2106-11-30,52.30537864861341
2106-12-01,56.62991943974494
2106-12-02,56.71688937012463
2106-12-03,58.54674763141476
2106-12-06,58.72185416740854
2106-12-07,53.23264955520073
2106-12-08,56.196514844954194
2106-12-09,52.73467870869043
2106-12-10,48.65626498561491
2106-12-13,45.22113724954088
2106-12-14,43.22993685768816
2106-12-15,43.90317007453224
2106-12-16,47.06276738400386
2106-12-17,52.53766396781342
2106-12-20,61.04455463130808
2106-12-21,58.36408933712822
2106-12-22,63.12569719291644
2106-12-23,62.245256543754245
2106-12-24,65.31670597635151
2106-12-27,72.8463734006577
2106-12-28,80.21215559295881
2106-12-29,78.46499518084936
2106-12-30,68.27534562180034
2106-12-31,60.63282878967565
2107-01-03,57.89389799493577
2107-01-04,55.834526543717175
2107-01-05,59.57929355867867
2107-01-06,62.55349126803401
2107-01-07,71.62857544456051
2107-01-10,72.99780138590619
2107-01-11,78.33904082635232
2107-01-12,88.34017178401314
2107-01-13,87.72561254285229
2107-01-14,85.58389616160477
2107-01-17,80.16123098049938
2107-01-18,85.75601625286917
2107-01-19,81.2189104072477
2107-01-20,88.10197108737032
2107-01-21,97.85869436170313
2107-01-24,104.11445738320018
2107-01-25,101.14350643844703
2107-01-26,100.44052427652832
2107-01-27,116.35248541342624
2107-01-28,116.92742755893761
2107-01-31,100.5785340705456
2107-02-01,103.27764816715685
2107-02-02,107.71413321153842
2107-02-03,111.88116813538511
2107-02-04,79.39479012225303
2107-02-07,77.98783191757609
2107-02-08,85.24487574031615
2107-02-09,95.99642578084472
2107-02-10,105.40996516763026
2107-02-11,107.70205890234375
2107-02-14,111.38759134749546
2107-02-15,103.348205088327
2107-02-16,101.00685548254287
2107-02-17,111.78006982286854
2107-02-18,105.33528816393695
2107-02-21,109.33652772659023
2107-02-22,83.27283547387204
2107-02-23,70.18545962147999
2107-02-24,69.54153421807749
2107-02-25,57.48554521630962
2107-02-28,53.053692120160946
2107-03-01,57.91266676906225
2107-03-02,58.27675396974894
2107-03-03,65.46157761203202
2107-03-04,74.69062356017861
2107-03-07,77.01370569948975
2107-03-08,68.47852232047117
2107-03-09,81.33643996815199
2107-03-10,83.12075673265667
2107-03-11,93.36936458153082
2107-03-14,92.6330748892907
2107-03-15,86.77390192099783
2107-03-16,86.12722436907951
2107-03-17,86.78229292070804
2107-03-18,78.86022335141986
2107-03-21,76.36799317185296
2107-03-22,71.67574039947546
2107-03-23,75.06996876564568
2107-03-24,68.96051049544857
2107-03-25,77.74745177965922
2107-03-28,74.96558791529407
2107-03-29,54.214931230905115
2107-03-30,49.42965456551515
2107-03-31,46.09852015595514
2107-04-01,44.95414489660563
2107-04-04,41.04512952918438
2107-04-05,38.319828664096676
2107-04-06,41.465331666354956
2107-04-07,40.14942788997974
2107-04-08,40.05770390237474
2107-04-11,39.27249057403432
2107-04-12,38.9978740571011
2107-04-13,35.684874703158364
2107-04-14,40.5275653933152
2107-04-15,38.879724230512245
2107-04-18,37.76636474582098
2107-04-19,41.14617324359375
2107-04-20,38.7785748976748
2107-04-21,36.0916968102668
2107-04-22,31.39282557978521
2107-04-25,31.13170995255524
2107-04-26,33.29371171790251
2107-04-27,31.195167118675254
2107-04-28,29.199168107107194
2107-04-29,28.126028019523037
2107-05-02,28.097209479405294
2107-05-03,25.73469076019449
2107-05-04,19.87955061300154
2107-05-05,16.6818177097211
2107-05-06,16.50969760387563
2107-05-09,14.356040317378083
2107-05-10,12.12732391771417
2107-05-11,9.725827261554285
2107-05-12,10.035043398646023
2107-05-13,9.908654490373657
2107-05-16,9.632889039842931
2107-05-17,9.24444202952017
2107-05-18,9.390802876437307
2107-05-19,10.647287033123748
2107-05-20,11.094150850307816
2107-05-23,10.444686759426226
2107-05-24,10.729890660558402
2107-05-25,9.954734160212995
2107-05-26,9.425435857119114
2107-05-27,9.31182243964458
2107-05-30,7.198125953001089
2107-05-31,7.844807945546528
2107-06-01,7.755300006886337
2107-06-02,7.233876466391995
2107-06-03,8.28659860632057
2107-06-06,7.3695198943679205
2107-06-07,7.043581998526224
2107-06-08,7.858370982154973
2107-06-09,8.168060455571965
2107-06-10,7.166792867203245
2107-06-13,8.37228223764038
2107-06-14,7.093804137940027
2107-06-15,7.700072720470222
2107-06-16,8.272593645259702
2107-06-17,7.431809719492093
2107-06-20,8.415614249209339
2107-06-21,9.79569361824911
2107-06-22,11.470857116858312
2107-06-23,11.26729031286842
2107-06-24,11.493558564395014
2107-06-27,10.416380365708836
2107-06-28,11.418042219614383
2107-06-29,10.313858701801253
2107-06-30,10.41431600457458
2107-07-01,10.062509118483698
2107-07-04,11.278657083517851
2107-07-05,11.069981122192958
2107-07-06,12.168446688216235
2107-07-07,12.20447477041884
2107-07-08,14.358239473694262
2107-07-11,14.166550782353053
2107-07-12,16.738343321258228
2107-07-13,15.532812593229533
2107-07-14,14.079367825479924
2107-07-15,14.111490612501953
2107-07-18,14.211799949540204
2107-07-19,12.781969747267427
2107-07-20,13.76100149376146
2107-07-21,12.495279132062304
2107-07-22,14.470777510373178
2107-07-25,14.342542683668613
2107-07-26,13.60397370656525
2107-07-27,13.85133376544303
2107-07-28,15.642966878552391
2107-07-29,17.50908195690127
2107-08-01,14.410848231685558
2107-08-02,14.267809021540751
2107-08-03,13.870465521163238
2107-08-04,11.783609165810837
2107-08-05,12.7916543649324
2107-08-08,12.780477033912764
2107-08-09,12.017749837925354
2107-08-10,13.065591392964537
2107-08-11,10.48905695424949
2107-08-12,9.824237434845235
2107-08-15,9.552700811200054
2107-08-16,9.655116190120362
2107-08-17,9.605788018222679
2107-08-18,10.484060828818139
2107-08-19,9.89855966720967
2107-08-22,9.869666911786895
2107-08-23,9.993030946291645
2107-08-24,10.026187063252962
2107-08-25,10.531852525033814
2107-08-26,9.529153247408253
2107-08-29,7.681271063050123
2107-08-30,7.5322748541525
2107-08-31,9.5555515985365
2107-09-01,8.875735752501948
2107-09-02,8.895017260899984
2107-09-05,8.990688739821472
2107-09-06,7.881131837443054
2107-09-07,7.777134861539558
2107-09-08,7.023955310796821
2107-09-09,7.810744422263273
2107-09-12,8.872267483629226
2107-09-13,9.24489487792404
2107-09-14,6.722706523395323
2107-09-15,4.147104421897064
2107-09-16,4.3869099313038955
2107-09-19,4.217649836870631
2107-09-20,4.4451437515762295
2107-09-21,4.5214556699641335
2107-09-22,4.4522857206288835
2107-09-23,4.5437564835938336
2107-09-26,4.718881997114847
2107-09-27,4.594653149611663
2107-09-28,4.40317092806049
2107-09-29,4.552636260079927
2107-09-30,4.5752900633218765
2107-10-03,4.059844207083353
2107-10-04,3.971218878539487
2107-10-05,4.507096139043881
2107-10-06,4.735709889142684
2107-10-07,4.456634722785916
2107-10-10,4.409051148016652
2107-10-11,3.9555208174880283
2107-10-12,3.9375822338383513
2107-10-13,4.035859607327827
2107-10-14,3.6976955786402566
2107-10-17,3.672425061860802
2107-10-18,4.097481386593033
2107-10-19,4.209789617558435
2107-10-20,4.705935378055077
2107-10-21,5.0098792773915015
2107-10-24,5.264440784540567
2107-10-25,4.855878083173937
2107-10-26,4.4930850065739385
2107-10-27,3.9482687689062184
2107-10-28,3.963335910675715
2107-10-31,4.001280536478817
2107-11-01,3.8919418032989697
2107-11-02,3.964635837761985
2107-11-03,3.1832233810684043
2107-11-04,3.4218059569330035
2107-11-07,3.7707513262449517
2107-11-08,3.6890174674539047
2107-11-09,3.7211405113367153
2107-11-10,3.4816339649325743
2107-11-11,3.115026112580035
2107-11-14,3.6410306152257403
2107-11-15,3.9997609365647224
2107-11-16,4.268381850660458
2107-11-17,4.984760500504129
2107-11-18,5.039402005300008
2107-11-21,5.510635866349037
2107-11-22,4.630725084582169
2107-11-23,3.630659246406066
2107-11-24,3.43998005409642
2107-11-25,3.6898099421407053
2107-11-28,4.321343435967844
2107-11-29,4.3527341125394665
2107-11-30,4.363270451519089
2107-12-01,4.2121513305743585
2107-12-02,3.122827940569053
2107-12-05,3.133736585283041
2107-12-06,3.396498198766017
2107-12-07,4.283198583106276
2107-12-08,4.458174404351908
2107-12-09,4.474577268311481
2107-12-12,4.194650601753591
2107-12-13,3.7746785018231463
2107-12-14,3.2081346488629925
2107-12-15,3.859901709416172
2107-12-16,3.4916930346548942
2107-12-19,3.388235609895535
2107-12-20,3.0278372942401695
2107-12-21,2.794964565013367
2107-12-22,2.077436512714383
2107-12-23,1.9436006459063297
2107-12-26,1.5798724612461421
2107-12-27,1.8041288039902796
2107-12-28,2.1493844776931814
2107-12-29,2.418916392640905
2107-12-30,2.013759333680583
2108-01-02,1.991745802289318
2108-01-03,2.2622408180273537
2108-01-04,2.2352215104681865
2108-01-05,2.047754935398748
2108-01-06,1.8089417075706782
2108-01-09,1.604987700275972
2108-01-10,1.5047437113554472
2108-01-11,1.3742034391856615
2108-01-12,1.5296784422154823
2108-01-13,1.5973653815089288
2108-01-16,1.700907780626348
2108-01-17,1.5879550786030305
2108-01-18,1.4403933654824168
2108-01-19,1.442521716810618
2108-01-20,1.2028681825785867
2108-01-23,1.2858681730474124
2108-01-24,1.380576911872215
2108-01-25,1.5486524828960393
2108-01-26,1.7433452516145076
2108-01-27,1.5680415966091117
2108-01-30,1.8169400195286962
2108-01-31,1.7163573971077852
2108-02-01,1.8046136972014502
2108-02-02,1.8866814676582726
2108-02-03,1.6402197034869554
2108-02-06,1.7652405779135707
2108-02-07,1.7932288834010415
2108-02-08,1.8489184018652811
2108-02-09,1.872939787630334
2108-02-10,1.8769170674507611
2108-02-13,2.0824399840277974
2108-02-14,2.325239732144915
2108-02-15,2.2377363319318464
2108-02-16,2.2817006787012857
2108-02-17,2.4019451985684337
2108-02-20,2.4530442689106304
2108-02-21,2.634750302521616
2108-02-22,2.76353886923827
2108-02-23,2.8138247922660735
2108-02-24,2.7408509450051537
2108-02-27,2.7464951203723307
2108-02-28,2.856218099061778
2108-02-29,2.610482867512086
2108-03-01,2.150997679667931
2108-03-02,1.9675005397533658
2108-03-05,2.0632234215742984
2108-03-06,2.570851212766306
2108-03-07,2.431000008873776
2108-03-08,2.3795636513757596
2108-03-09,1.8452974418099652
2108-03-12,1.8136436500550628
2108-03-13,2.079252935533495
2108-03-14,2.212804980415831
2108-03-15,2.1802236961735457
2108-03-16,2.4436320506516087
2108-03-19,2.2512005125916623
2108-03-20,1.8603419537751975
2108-03-21,1.856226642638246
2108-03-22,2.00324027623763
2108-03-23,2.1961988824123218
2108-03-26,1.843891519447199
2108-03-27,1.8390039750234035
2108-03-28,2.0669488023360363
2108-03-29,1.7637964413066927
2108-03-30,1.957380096423253
2108-04-02,1.9761088352734708
2108-04-03,1.9430669782088368
2108-04-04,1.9498913211064048
2108-04-05,1.7813555211280856
2108-04-06,1.8526345541687455
2108-04-09,1.497282206208838
2108-04-10,1.4590657867706318
2108-04-11,1.6611574477402795
2108-04-12,2.1163430734055626
2108-04-13,2.4932461651114326
2108-04-16,2.597395243831933
2108-04-17,2.2819355453106747
2108-04-18,2.1452794295133195
2108-04-19,2.059627313431295
2108-04-20,1.9291905858463174
2108-04-23,1.7388342965052483
2108-04-24,1.8073009024244464
2108-04-25,1.9359595180466946
2108-04-26,2.033904788767902
2108-04-27,1.7828563138368139
2108-04-30,1.6406567350604164
2108-05-01,1.9342717070896778
2108-05-02,2.0323904460076587
2108-05-03,2.445619568483395
2108-05-04,2.3350995750907644
2108-05-07,1.9943372417736218
2108-05-08,1.9802443896615989
2108-05-09,2.019641159676232
2108-05-10,1.9537692014409742
2108-05-11,2.1571863042247994
2108-05-14,2.076046467527051
2108-05-15,1.8661430820184277
2108-05-16,2.262692703419172
2108-05-17,2.4814066704424107
2108-05-18,2.2323253383194426
2108-05-21,2.6417910838786374
2108-05-22,1.8743013219446214
2108-05-23,1.9365987887084695
2108-05-24,1.6868072213488068
2108-05-25,1.9461441038384455
2108-05-28,1.73013887431417
2108-05-29,1.6607969371471756
2108-05-30,1.6330345002853563
2108-05-31,1.4413989736024173
2108-06-01,1.586759463981283
2108-06-04,1.89383601454645
2108-06-05,1.8318840318374587
2108-06-06,1.712815333445825
2108-06-07,1.791674094694874
2108-06-08,1.660581219904481
2108-06-11,1.7316510743680495
2108-06-12,1.5965902585981886
2108-06-13,1.3145993632775728
2108-06-14,1.4751482770498128
2108-06-15,1.4993564783787967
2108-06-18,1.6586842092478262
2108-06-19,1.6444013149328356
2108-06-20,1.6588270173312134
2108-06-21,1.6719500136028675
2108-06-22,1.3858051678257277
2108-06-25,1.3924308039905962
2108-06-26,1.3541912587006397
2108-06-27,1.3419260252244893
2108-06-28,1.1888505291761537
2108-06-29,1.4918876000000987
2108-07-02,1.34212826964588
2108-07-03,1.499267293917169
2108-07-04,1.3286768591052756
2108-07-05,1.0734457281341332
2108-07-06,1.0205438482190492
2108-07-09,1.0638463666775713
2108-07-10,0.9226448157207018
2108-07-11,0.9956624531545327
2108-07-12,1.0908260138073715
2108-07-13,1.1004426891806531
2108-07-16,1.279813850965489
2108-07-17,1.0516216273886607
2108-07-18,1.0817024699521256
2108-07-19,1.0650524337636846
2108-07-20,1.1903620356934481
2108-07-23,1.0955518652130976
2108-07-24,1.0824628228008577
2108-07-25,0.889918505404477
2108-07-26,0.9754437418329388
2108-07-27,0.8858286599625198
2108-07-30,0.8422763806977815
2108-07-31,0.8388963531068722
2108-08-01,0.8284931831614901
2108-08-02,0.8598093646929322
2108-08-03,0.8716511945012781
2108-08-06,0.9326114863251741
2108-08-07,0.8931456173386668
2108-08-08,0.9387185499448173
2108-08-09,0.84401955734793
2108-08-10,0.7799348629589239
2108-08-13,0.7244845469506327
2108-08-14,0.730189636104749
2108-08-15,0.7911854370896574
2108-08-16,0.7527601707140387
2108-08-17,0.6848991458138228
2108-08-20,0.7342433814212002
2108-08-21,0.7465528612003394
2108-08-22,0.854675478451395
2108-08-23,0.8836067925053179
2108-08-24,0.7850486281134824
2108-08-27,0.830023470934514
2108-08-28,0.9365466265107715
2108-08-29,0.8490659553810669
2108-08-30,0.9063161309784789
2108-08-31,0.9258287633092612
2108-09-03,0.8245003083849172
2108-09-04,0.7302664205954084
2108-09-05,0.7352604095945273
2108-09-06,0.8358387545020561
2108-09-07,0.6636683842013423
2108-09-10,0.6457973803846371
2108-09-11,0.8032488554566145
2108-09-12,0.9390734850863873
2108-09-13,0.9539273070942588
2108-09-14,1.0223295404925563
2108-09-17,1.0744147635169643
2108-09-18,1.120360892944522
2108-09-19,0.9260915167949566
2108-09-20,0.8494717643311533
2108-09-21,0.7107653748470418
2108-09-24,0.7678558392624785
2108-09-25,0.7359417364032049
2108-09-26,0.717600324662283
2108-09-27,0.5944332886639407
2108-09-28,0.6687215441571496
2108-10-01,0.7279638674551268
2108-10-02,0.6727568379723409
2108-10-03,0.53666614488088
2108-10-04,0.5618932828123739
2108-10-05,0.5802810247630502
2108-10-08,0.6223790506409219
2108-10-09,0.5651320957829676
2108-10-10,0.5592860426543624
2108-10-11,0.5406036628622973
2108-10-12,0.4847013889497666
2108-10-15,0.4942751482345521
2108-10-16,0.46468264984708574
2108-10-17,0.43719179487832477
2108-10-18,0.40107588968844926
2108-10-19,0.3947897581061825
2108-10-22,0.40292889681023725
2108-10-23,0.4537851352295199
2108-10-24,0.4021779498303272
2108-10-25,0.3632450654108881
2108-10-26,0.4070494659143638
2108-10-29,0.3397144950474416
2108-10-30,0.3794964429056904
2108-10-31,0.40105488787818266
2108-11-01,0.3842461637864533
2108-11-02,0.4031317305286485
2108-11-05,0.3571248836379919
2108-11-06,0.37501928612517316
2108-11-07,0.34747752753470657
2108-11-08,0.3783685965107145
2108-11-09,0.39091731640004
2108-11-12,0.42625961238375737
2108-11-13,0.4569517495345601
2108-11-14,0.48979218090116844
2108-11-15,0.4198856168694252
2108-11-16,0.4073380831908273
2108-11-19,0.42960178832328183
2108-11-20,0.44100843230973213
2108-11-21,0.49743688572202965
2108-11-22,0.503751526615963
2108-11-23,0.444877607827946
2108-11-26,0.47250996287047975
2108-11-27,0.5133526084558905
2108-11-28,0.5438445885520721
2108-11-29,0.589428138961472
2108-11-30,0.6882801417855143
2108-12-03,0.8823166273666869
2108-12-04,0.9351876233383587
2108-12-05,0.9045288731664771
2108-12-06,0.8662483257198557
2108-12-07,0.6709254318576395
2108-12-10,0.6808795686509209
2108-12-11,0.7944185013693359
2108-12-12,0.8274745870414583
2108-12-13,0.8804189432854959
2108-12-14,0.8687785647915987
2108-12-17,0.802359742552263
2108-12-18,0.8655762416286399
2108-12-19,1.001351117473139
2108-12-20,1.1426784368839153
2108-12-21,1.0993166589829588
2108-12-24,1.1421817687570917
2108-12-25,1.214838614158682
2108-12-26,1.1573991495282678
2108-12-27,1.2205740500434983
2108-12-28,1.2042100844984596
2108-12-31,1.103053707529701
2109-01-01,0.9692529565358059
2109-01-02,1.066558852512835
2109-01-03,0.9869603134832782
2109-01-04,0.9085521047646185
2109-01-07,0.9271291056800344
2109-01-08,0.9873539546913626
2109-01-09,0.9625116260062022
2109-01-10,1.046179332150425
2109-01-11,1.0273894248479538
2109-01-14,0.8672225559555988
2109-01-15,0.8448714647809235
2109-01-16,0.839983035632753
2109-01-17,0.8935594099514641
2109-01-18,0.8086344743347971
2109-01-21,0.7849993282269457
2109-01-22,0.8969710251637891
2109-01-23,0.7425940786494667
2109-01-24,0.6392466358640062
2109-01-25,0.6140254299817834
2109-01-28,0.6088722733421374
2109-01-29,0.5023242789692901
2109-01-30,0.44115984124630403
2109-01-31,0.4844121356084423
2109-02-01,0.4732525468598008
2109-02-04,0.5196436169976038
2109-02-05,0.5762035670797045
2109-02-06,0.5083865100061663
2109-02-07,0.5475756301535785
2109-02-08,0.47395765235553516
2109-02-11,0.5683923820946816
2109-02-12,0.6038186003666668
2109-02-13,0.550057945155584
2109-02-14,0.5382287957318388
2109-02-15,0.5468550450769954
2109-02-18,0.548782492296881
2109-02-19,0.4958428585825148
2109-02-20,0.513331002097242
2109-02-21,0.5478570777251329
2109-02-22,0.6153964008707393
2109-02-25,0.5465557842380458
2109-02-26,0.49586017239214897
2109-02-27,0.38653968951571854
2109-02-28,0.41158438993926283
2109-03-01,0.4809700907747502
2109-03-04,0.47245699403145097
2109-03-05,0.5378570768806689
2109-03-06,0.4027024945474908
2109-03-07,0.44280035596497025
2109-03-08,0.4581952892749484
2109-03-11,0.4815967376682626
2109-03-12,0.4751851917362954
2109-03-13,0.541923727903127
2109-03-14,0.4482189019592485
2109-03-15,0.4320046130003144
2109-03-18,0.4915234058724893
2109-03-19,0.46451854476541043
2109-03-20,0.43130296132055224
2109-03-21,0.3773761171206258
2109-03-22,0.40913497502938506
2109-03-25,0.4125780615844724
2109-03-26,0.34147556907759646
2109-03-27,0.2994885505420233
2109-03-28,0.2904287943954047
2109-03-29,0.26771632019681124
2109-04-01,0.29434979332230427
2109-04-02,0.28202842193062727
2109-04-03,0.2479268393524806
2109-04-04,0.24333246722002821
2109-04-05,0.2350675450069097
2109-04-08,0.2327438410671288
2109-04-09,0.26053189047704634
2109-04-10,0.2785688513819729
2109-04-11,0.2763885607666314
2109-04-12,0.29298117040259236
2109-04-15,0.31371985634584293
2109-04-16,0.34796248550157016
2109-04-17,0.37154385488823305
2109-04-18,0.386415598255012
2109-04-19,0.4221440374425094
2109-04-22,0.41143695692824117
2109-04-23,0.4192611069132436
2109-04-24,0.38550449552834715
2109-04-25,0.31819493193179416
2109-04-26,0.29982365158479857
2109-04-29,0.30403396802807797
2109-04-30,0.3177848058065013
2109-05-01,0.25430939273206216
2109-05-02,0.27576633215512847
2109-05-03,0.2384413101888216
2109-05-06,0.22777577185683975
2109-05-07,0.24709668554708775
2109-05-08,0.24869326923648416
2109-05-09,0.20533840013789054
2109-05-10,0.24053877839333793
2109-05-13,0.2479708047909227
2109-05-14,0.22623722332607044
2109-05-15,0.1891723243299113
2109-05-16,0.20839474665910587
2109-05-17,0.18925540453812642
2109-05-20,0.17041900148467892
2109-05-21,0.1850482502240334
2109-05-22,0.18866318418480818
2109-05-23,0.18230790619030948
2109-05-24,0.1789304631047584
2109-05-27,0.16023059528887795
2109-05-28,0.15868392346051302
2109-05-29,0.1362300933579646
2109-05-30,0.15155172793141272
2109-05-31,0.15680708664896353
2109-06-03,0.14637437885359952
2109-06-04,0.13898734910187496
2109-06-05,0.1345005056836798
2109-06-06,0.11001061318066394
2109-06-07,0.1043318579323688
2109-06-10,0.11098097004331095
2109-06-11,0.11244740551997162
2109-06-12,0.09862623482891537
2109-06-13,0.09808786534315249
2109-06-14,0.09719352797449059
2109-06-17,0.08870023679599834
2109-06-18,0.08142299316280102
2109-06-19,0.07302335351426381
2109-06-20,0.08566726340024132
2109-06-21,0.09782047905770802
2109-06-24,0.09531128361433322
2109-06-25,0.08518985982394539
2109-06-26,0.09008351048775826
2109-06-27,0.09202540954912977
2109-06-28,0.07339083763577653
2109-07-01,0.08249384261823062
2109-07-02,0.08370063478003861
2109-07-03,0.09407940564642787
2109-07-04,0.1024694432526865
2109-07-05,0.09255347466532078
2109-07-08,0.08893861817290882
2109-07-09,0.08674792188203138
2109-07-10,0.09661100780514495
2109-07-11,0.09285216622132048
2109-07-12,0.09462938397136886
2109-07-15,0.10321895994723418
2109-07-16,0.09988686399451312
2109-07-17,0.08382423844844145
2109-07-18,0.08558067136520743
2109-07-19,0.08001102615296041
2109-07-22,0.06993144868984896
2109-07-23,0.06694891607688928
2109-07-24,0.06063031184618085
2109-07-25,0.06553623420072838
2109-07-26,0.07271379208653343
2109-07-29,0.0845010891144055
2109-07-30,0.0863375986013769
2109-07-31,0.07479409934505024
2109-08-01,0.07502216468477904
2109-08-02,0.06857888674336426
2109-08-05,0.06374835416406716
2109-08-06,0.05859965692046116
2109-08-07,0.06692869966583195
2109-08-08,0.054571972575442204
2109-08-09,0.053159288393807104
2109-08-12,0.04343293020949272
2109-08-13,0.04132787113519963
2109-08-14,0.04137529426159967
2109-08-15,0.03802456566407848
2109-08-16,0.038355791194697404
2109-08-19,0.0420332490491727
2109-08-20,0.04325424442179766
2109-08-21,0.04130147368907428
2109-08-22,0.04658892060206291
2109-08-23,0.03715720435268275
2109-08-26,0.0381660582163813
2109-08-27,0.03591745182447551
2109-08-28,0.03572240255451603
2109-08-29,0.03401059918051146
