,0
2100-01-26,0.1945861157580736
2100-01-27,0.07502173990852878
2100-01-29,0.005925571331559899
2100-02-01,0.05809425169038576
2100-02-02,0.09934012391855795
2100-02-03,0.07742913681535032
2100-02-04,0.07610694884282414
2100-02-22,0.010554193696852603
2100-02-23,0.04189621883284321
2100-02-24,0.015749959187020806
2100-02-25,0.07712637483401995
2100-02-26,0.0466407590305432
2100-03-02,0.050980068967760736
2100-03-03,0.24431067338298174
2100-03-16,0.41870134216021304
2100-03-17,0.025895128301732503
2100-04-01,0.1632028527899169
2100-04-05,0.05397693236626434
2100-04-06,0.07740055717770053
2100-04-07,0.10167903585602997
2100-04-08,0.09181300823860547
2100-04-16,0.07537358623039592
2100-04-27,0.290013222149883
2100-04-28,0.08426430866879345
2100-04-29,0.011182231356266538
2100-04-30,0.025036922412745598
2100-05-03,0.02461072039707797
2100-05-04,0.02939149663155827
2100-05-06,0.03876817883672837
2100-05-11,0.02422756590113815
2100-05-12,0.016463709174907176
2100-05-13,0.01964620645257683
2100-05-14,0.015279798290387784
2100-05-17,0.05352098444274038
2100-05-27,0.06795839970589197
2100-05-31,0.07429805780992156
2100-06-01,0.08383780750383771
2100-06-02,0.07350634177297635
2100-06-03,0.0741697937731648
2100-06-04,0.07107268996850898
2100-06-07,0.03317239127486721
2100-06-18,0.1290486347090966
2100-06-22,0.14254173491527503
2100-06-23,0.12923292258792465
2100-06-24,0.12458216939712288
2100-07-08,0.24109011419111526
2100-07-09,0.08658149265622517
2100-07-12,0.053598236177292646
2100-07-13,0.09463428598668933
2100-08-12,0.024041683213501308
2100-08-13,0.01718556656425478
2100-08-17,0.14651460996936888
2100-08-18,0.059560687180385166
2100-08-19,0.07245504967031036
2100-08-20,0.05961076235044527
2100-08-23,0.08440380344322619
2100-08-24,0.08482728935778833
2100-08-26,0.06600807652273226
2100-09-14,0.20474340917624595
2100-09-15,0.07959439933329662
2100-09-16,0.012669128696904845
2100-09-17,0.0023592262611505117
2100-09-20,0.021305389460668418
2100-09-21,0.048494027278797466
2100-09-22,0.0460816454809277
2100-09-23,0.023502193793687037
2100-10-05,0.003162003597019637
2100-10-06,0.02587089282059473
2100-10-07,0.028914994318164237
2100-10-08,0.03305320214097162
2100-10-11,0.012360336367259589
2100-10-12,0.041843453418730754
2100-10-13,0.03388135666681657
2100-10-14,0.02787652770873749
2100-10-15,0.08029535843400878
2100-10-18,0.09379121138325781
2100-10-19,0.07959504885479196
2100-10-22,0.09715927440982694
2100-10-26,0.07100195883654989
2100-10-27,0.0566959242648759
2100-10-28,0.011282583296925806
2100-11-10,0.0161212686771195
2100-11-12,0.015402749872175025
2100-11-15,0.042536005923285325
2100-11-16,0.02344987644765948
2100-11-17,0.023050578732056827
2100-11-18,0.02740505758367908
2100-11-19,0.004927549674322863
2100-11-22,0.03345119173406797
2100-11-23,0.04954883706121817
2100-11-25,0.04815878783156553
2100-11-26,0.030640849168301128
2100-11-29,0.029392650972413024
2100-11-30,0.13682976080328565
2100-12-02,0.018292275739505964
2100-12-24,0.1869436504819136
2100-12-27,0.08678544357232336
2100-12-28,0.06497010248306621
2100-12-29,0.03779152813132838
2100-12-30,0.04119721588501859
2100-12-31,0.06098121674008973
2101-01-07,0.04309300109136288
2101-01-10,0.05693875494792128
2101-01-11,0.05528585736914654
2101-01-12,0.04798878916887283
2101-01-13,0.04599801640819278
2101-01-19,0.2131508164443653
2101-02-03,0.15182441334407804
2101-02-04,0.12005604662271052
2101-02-07,0.1243574330913848
2101-02-18,0.04527452189737879
2101-02-22,0.007532277724536371
2101-02-23,0.03007198586871176
2101-02-24,0.03377861263419786
2101-02-25,0.047069773184206035
2101-02-28,0.01918237809615133
2101-03-01,0.027529268704089754
2101-03-02,0.04775218786452364
2101-03-03,0.04512557930822871
2101-03-04,0.022569145845521527
2101-03-07,0.03557882915280845
2101-03-08,0.03371036692112093
2101-03-09,0.02807090656846474
2101-03-10,0.064163797764276
2101-03-11,0.04668279495122568
2101-03-14,0.04873869054399433
2101-03-15,0.04341158755613886
2101-03-31,0.04542480286594
2101-04-01,0.051296213264229486
2101-04-06,0.04994806578082864
2101-04-07,0.019981857088244
2101-04-08,0.00891387279121132
2101-04-11,0.008943438082588845
2101-04-12,0.01165080281062789
2101-04-13,0.019794655296538018
2101-04-14,0.029038662247695197
2101-04-15,0.043424344098757076
2101-04-18,0.03508517506412797
2101-04-19,0.01655796707829225
2101-04-20,0.019215796434243374
2101-04-21,0.029300065473336603
2101-04-22,0.03202120869591055
2101-04-25,0.03419349356674927
2101-05-05,0.07698816902214377
2101-05-06,0.03764277361660402
2101-05-10,0.008021112356320284
2101-05-11,0.00016437300701808467
2101-05-12,0.007443874482586486
2101-05-13,0.02298754629307784
2101-05-16,0.010131981846815626
2101-05-17,0.0009887433140334106
2101-05-18,0.01022355206432006
2101-05-19,0.003153585479244217
2101-05-20,0.011869095562803245
2101-05-23,0.004944641286648642
2101-05-25,0.01029431704666993
2101-05-26,0.008084335509445852
2101-05-27,0.0005095973735768314
2101-05-30,0.00032470220449550783
2101-05-31,0.01673054165987666
2101-06-01,0.0006255949223899731
2101-06-02,0.0020340799498452045
2101-06-03,0.0026667828188807604
2101-06-07,0.004170473860954361
2101-06-08,0.01564092950098836
2101-06-10,0.01761465716734786
2101-06-13,0.02164712237304198
2101-06-14,0.019018638916189094
2101-06-15,0.010476709589369464
2101-06-16,0.009505943968407446
2101-06-17,0.02270236419567383
2101-06-20,0.019702897617432845
2101-06-21,0.022042033583362798
2101-06-22,0.024480232436679815
2101-06-23,0.03056940901411122
2101-06-24,0.027752339230900064
2101-06-27,0.05120694453843058
2101-06-29,0.2128816222884063
2101-06-30,0.031143597416504645
2101-07-26,0.5268941980784807
2101-08-09,0.0803433153070299
2101-08-10,0.0599896572780278
2101-08-11,0.08010260165176425
2101-08-12,0.1232927297192798
2101-08-15,0.24330443136975272
2101-08-16,0.09907211791792755
2101-08-17,0.20000360219970412
2101-09-07,0.07486104994702483
2101-09-08,0.016298552571938314
2101-09-09,0.04675127580902309
2101-09-12,0.042284496531312984
2101-09-13,0.0060265044148918746
2101-09-19,0.03389622480916413
2101-09-20,0.020715491236032273
2101-09-21,0.022246410686412803
2101-09-22,0.03350906339685679
2101-09-23,0.0002044031543546477
2101-09-26,0.020449289611101488
2101-09-27,0.020858980720399815
2101-09-28,4.7510200552233414e-05
2101-09-29,0.025973366726818402
2101-09-30,0.006044355525760924
2101-10-03,0.02020448646806956
2101-10-04,0.00453131877695474
2101-10-05,0.02420688262156952
2101-10-12,0.02456868703463445
2101-10-13,0.008881602854842099
2101-10-14,0.010023896442281242
2101-10-17,0.03249899916541188
2101-10-18,0.04155203622749219
2101-10-19,0.020772571336883507
2101-10-27,0.03414803995528628
2101-10-28,0.005084473901988001
2101-10-31,0.021237425542049684
2101-11-01,0.0181741277745801
2101-11-02,0.02620696842889049
2101-11-03,0.02136595864034211
2101-11-04,0.012838984330233765
2101-11-10,0.022965661204427248
2101-11-16,0.012327817446666571
2101-11-17,0.007496106769641424
2101-11-18,0.005361111511389854
2101-11-21,0.006442880583581931
2101-11-22,0.01956203574859576
2101-11-23,0.031209293639775967
2101-11-24,0.02756814029865917
2101-11-25,0.021378263185077937
2101-11-28,0.016425239936667328
2101-12-01,0.014663866076256275
2101-12-02,0.026936840990569588
2101-12-05,0.02991644074110609
2101-12-06,0.03280912323530958
2101-12-07,0.028366408636692462
2101-12-08,0.02710455309083002
2101-12-12,0.013411105480563632
2101-12-13,0.014852977905251426
2101-12-14,0.03320876976576721
2101-12-15,0.021420750719671082
2101-12-20,0.00334948046791887
2101-12-23,0.05564008366357334
2101-12-26,0.003811145594851635
2101-12-29,0.0035988706729176805
2101-12-30,0.005120464876692592
2102-01-02,0.007276773071270087
2102-01-03,0.019360405065870993
2102-01-04,0.035863930086831905
2102-01-05,0.06920359065262367
2102-01-06,0.0550009507535567
2102-01-09,0.05362060135167592
2102-01-13,0.03772926501108727
2102-01-16,0.03157219009996519
2102-01-17,0.04740146257053919
2102-01-18,0.053633489522652456
2102-01-19,0.06241276812815544
2102-01-20,0.039992230026068866
2102-01-23,0.17010271199966537
2102-02-02,0.40811845876705344
2102-02-06,0.29092445764536357
2102-02-23,0.3161212408720899
2102-02-24,0.010506290523798291
2102-02-27,0.015206592383999948
2102-02-28,0.046702071808216915
2102-03-02,0.004914874060761902
2102-03-03,0.007747853192760839
2102-03-09,0.00771071136929264
2102-03-10,0.013872717250230251
2102-03-13,0.007956857865429708
2102-03-14,0.02020447283285414
2102-03-15,0.011548637994571322
2102-03-16,0.007550074458019255
2102-03-17,0.010253190283082065
2102-03-20,0.012186364606588123
2102-03-21,0.024028420919744463
2102-03-22,0.012577688076467008
2102-03-23,0.014535313024913576
2102-03-24,0.012712233053796332
2102-03-27,0.016330734223952325
2102-03-28,0.01330884415230413
2102-03-29,0.004971578297506305
2102-03-30,0.019120781609455326
2102-03-31,0.011713229590592317
2102-04-04,0.03196317382620219
2102-04-05,0.040188657132335916
2102-04-06,0.03891411937825291
2102-04-14,0.0820889047843486
2102-04-17,0.03368804421838657
2102-04-18,0.07814692811371127
2102-04-28,0.08794928095896154
2102-05-01,0.0004072036695758133
2102-05-02,0.006916761948404172
2102-05-03,0.02864924034152779
2102-05-04,0.028614192719867176
2102-05-05,0.019743625373814952
2102-05-08,0.02156476585199843
2102-05-09,0.008841514310451288
2102-05-10,0.017381910617268976
2102-05-11,0.002982237477914382
2102-05-12,0.013776205834582429
2102-05-15,0.016557500020320002
2102-05-16,0.026266153227452693
2102-05-17,0.016062979892597806
2102-05-18,0.04032541108230745
2102-05-22,0.04211320073093673
2102-05-25,0.059331832660629844
2102-05-26,0.06572894425182634
2102-06-02,0.023455108835208113
2102-06-05,0.047003745754873136
2102-06-06,0.05634066527117709
2102-06-07,0.07858528681279539
2102-06-08,0.06408447219650222
2102-06-09,0.03956550894049528
2102-06-22,0.09602151627718024
2102-06-23,0.03301002854416103
2102-07-03,0.13261843046478425
2102-07-05,0.08672816482767819
2102-07-06,0.1876132059680115
2102-07-07,0.08979403532673394
2102-07-24,0.14498866891849407
2102-07-25,0.01733025002733492
2102-07-26,0.040202539515113676
2102-07-27,0.04418300340498073
2102-07-28,0.04233112370071137
2102-07-31,0.019987544477675832
2102-08-01,0.027666088289894124
2102-08-02,0.07504971671006679
2102-08-03,0.015157588895183455
2102-08-04,0.014128321371439724
2102-08-07,0.03753419997487391
2102-08-10,0.08812823984687727
2102-08-11,0.10579872511542608
2102-08-16,0.07789114755988728
2102-08-17,0.1280916455535111
2102-08-18,0.0621330598156038
2102-08-21,0.05540549855370817
2102-08-23,0.029409091689483767
2102-08-24,0.04690610899152785
2102-08-25,0.03976193220119359
2102-08-31,0.046084178380524816
2102-09-01,0.053956706077168196
2102-09-13,0.09159299880818862
2102-09-14,0.05085518482243647
2102-09-15,0.07923346271168993
2102-09-18,0.06884477109537139
2102-09-19,0.06390950793407409
2102-10-11,0.12529210056230364
2102-10-12,0.09503767969845608
2102-10-13,0.07425527012962782
2102-10-16,0.05555707153196629
2102-10-18,0.06420571958171126
2102-10-19,0.044434727680640065
2102-10-24,0.024940194393469707
2102-10-25,0.07701763716304491
2102-11-09,0.13135749714057657
2102-11-10,0.1336445234047389
2102-11-13,0.21743737696286783
2102-11-29,0.20070839705074
2102-11-30,0.10339578658628809
2102-12-01,0.1215496846292715
2102-12-04,0.12771857892869254
2102-12-11,0.04501185481580797
2102-12-19,0.12145782940343036
2102-12-20,0.06292686516696512
2102-12-21,0.015187979654931318
2102-12-22,0.005647122547596468
2102-12-25,0.023714280980206025
2102-12-26,0.0013630178362199026
2102-12-27,0.007850190454943442
2103-01-01,0.0027826294878549006
2103-01-02,0.014564281301759449
2103-01-04,0.028160794570421258
2103-01-05,0.0046878466108126755
2103-01-08,0.014791642406140438
2103-01-09,0.00800706678678606
2103-01-10,0.02035632393498179
2103-01-12,0.0004240211657722936
2103-01-15,0.019108668860085325
2103-01-18,0.00568081033083038
2103-01-19,0.017378738703133667
2103-01-22,0.017529742905368302
2103-01-23,0.024463095403547148
2103-01-24,0.028847609755262307
2103-01-25,0.024248729223107703
2103-01-26,0.02080335288130131
2103-01-29,0.004832700472033682
2103-01-31,0.0127134417405529
2103-02-01,0.0040052228004702674
2103-02-08,0.020690669322349985
2103-02-12,0.07527373290163328
2103-02-13,0.02816155707886831
2103-02-14,0.020747851728504376
2103-02-15,0.06018664743344322
2103-02-19,0.08137033147812588
2103-02-20,0.06766955883838024
2103-02-21,0.05834272897324322
2103-03-19,0.19533947350760772
2103-03-20,0.029229747335368855
2103-03-22,0.07605400090449013
2103-04-02,0.09014623557538688
2103-04-03,0.054087407333145834
2103-04-04,0.05587560282555466
2103-04-19,0.2515903346635717
2103-04-20,0.19682309431495426
2103-05-09,0.09494816988481503
2103-05-11,0.11506574066169112
2103-05-22,0.028446313054053388
2103-05-23,0.033011029873594305
2103-05-24,0.04768789721544066
2103-05-25,0.06423080906841606
2103-05-28,0.07211673723186642
2103-05-29,0.06338275877629919
2103-05-30,0.0321743991475673
2103-06-05,0.034125866341890625
2103-06-12,0.06101637311703088
2103-06-13,0.07545071773824699
2103-06-14,0.20836049158800954
2103-06-22,0.11082426535046004
2103-06-25,0.11578645389411225
2103-06-26,0.07606230980279714
2103-06-27,0.1330230138530493
2103-07-06,0.04209355438693837
2103-07-09,0.1131791447463308
2103-07-11,0.033726722630460754
2103-07-12,0.06096324285313329
2103-07-13,0.037884726240831904
2103-07-16,0.027924656197377495
2103-07-23,0.11131899942687651
2103-07-24,0.11108071998517521
2103-08-09,0.05600846649957621
2103-08-10,0.23671422248970211
2103-08-13,0.14517553747076267
2103-08-27,0.07800976948840163
2103-08-28,0.197128715851916
2103-08-29,0.15982591195529233
2103-09-25,0.03470500030364919
2103-09-26,0.009073175099098796
2103-09-27,0.015951099817148123
2103-10-04,0.004697010861807316
2103-10-09,0.0023021745724127332
2103-10-10,0.014475576065584084
2103-10-11,0.014074839981887105
2103-10-17,0.017449764833679528
2103-10-18,0.019893162512835856
2103-10-19,0.028619021289515965
2103-10-22,0.0310084333033847
2103-10-23,0.012578787654835881
2103-10-24,0.018848498074051666
2103-10-30,0.0044055410846919815
2103-10-31,0.03976782128452807
2103-11-01,0.02358697911697429
2103-11-02,0.024329952375323503
2103-11-05,0.04230699986628654
2103-11-06,0.014414764720068873
2103-11-07,0.04626705554890523
2103-11-08,0.03386609892266243
2103-11-09,0.002513179529241325
2103-11-12,0.007187377326911704
2103-11-21,0.018459270205854666
2103-11-26,0.01737949550798177
2103-11-27,0.0010066992888521083
2103-11-28,0.03505749686202414
2103-11-29,0.05708516869578512
2103-11-30,0.01611843352322484
2103-12-03,0.025135973521976114
2103-12-04,0.019930122023912478
2103-12-05,0.024525508294934995
2103-12-06,0.02855438060200665
2103-12-10,0.012635294565723671
2103-12-11,0.00656108026018546
2103-12-12,0.053772727959262086
2103-12-18,0.022075325252709988
2103-12-19,0.017216518959888568
2103-12-20,0.036524728781395344
2103-12-21,0.022543750319311513
2103-12-24,0.057558835630838634
2103-12-28,0.03498798227630702
2103-12-31,0.03250370033530196
2104-01-01,0.007540262484666646
2104-01-02,0.031055659318184263
2104-01-03,0.05596995317515318
2104-01-11,0.041456404813439
2104-01-14,0.04663417993384063
2104-01-15,0.043550489386812954
2104-01-17,0.04733164193489979
2104-01-18,0.08363104656562714
2104-01-22,0.09047688390292855
2104-01-23,0.11631607542516748
2104-01-29,0.12364519127907687
2104-01-30,0.2272324897176904
2104-02-13,0.06304221253441546
2104-02-14,0.013078538753338798
2104-02-15,0.0751660737094672
2104-02-18,0.03451973874275154
2104-02-19,0.07205328499573338
2104-02-25,0.08105023213735996
2104-02-27,0.06354405152266604
2104-02-29,0.07215159905233061
2104-04-02,0.018487677315511153
2104-04-08,0.1789147338429629
2104-04-15,0.03782440317698416
2104-04-17,0.06949328814775024
2104-04-18,0.020699755761866258
2104-04-21,0.009332604059851353
2104-04-22,0.009772875461269174
2104-04-23,0.018261222976062245
2104-04-24,0.02176929408990007
2104-04-25,0.005947892588490035
2104-04-28,0.022960527450743284
2104-04-29,0.02617259731948003
2104-05-01,0.01907112589118947
2104-05-02,0.009001840913630491
2104-05-05,0.019113530440212162
2104-05-06,0.028528190496739783
2104-05-07,0.027322096635102735
2104-05-08,0.025378124699982865
2104-05-09,0.027017779967001505
2104-05-12,0.033259717328556045
2104-05-14,0.0462172061161826
2104-05-15,0.04694469863388399
2104-05-22,0.03285578815156628
2104-05-30,0.08855400261681469
2104-06-02,0.06505028554622262
2104-06-03,0.033664096757249205
2104-06-04,0.03947740086105031
2104-06-05,0.049565991910528656
2104-06-06,0.06538427399499541
2104-06-10,0.033741477261549545
2104-06-13,0.031423253018210626
2104-06-16,0.038816305933993746
2104-06-17,0.035350595748355126
2104-06-18,0.03227983255500191
2104-06-23,0.06861416982530383
2104-06-24,0.07833173903283225
2104-06-25,0.1126553499719257
2104-07-03,0.06572364007575231
2104-07-07,0.010573425812351253
2104-07-08,0.042224719474667445
2104-07-09,0.03625991964604258
2104-07-10,0.007229692971355927
2104-07-11,0.024608733836448127
2104-07-14,0.022136499445971534
2104-07-15,0.018761862265922823
2104-07-17,0.008786683992236761
2104-07-18,0.016454902838300034
2104-07-23,0.013486137051830674
2104-07-24,0.015413781549444585
2104-07-25,0.003573726208851603
2104-07-28,0.014505074296869761
2104-07-29,0.01806149712411933
2104-07-30,0.022084912763414438
2104-08-01,0.0008157283591970488
2104-08-04,0.009874796281181606
2104-08-05,0.0013796834167996218
2104-08-06,0.01289665760534242
2104-08-07,0.024477193462465952
2104-08-08,0.029494912271061335
2104-08-11,0.024085599604468856
2104-08-12,0.022701138469641176
2104-08-13,0.03905477810661189
2104-08-14,0.030280093555393132
2104-08-15,0.014760216219982934
2104-08-18,0.005392283024690192
2104-08-19,0.00776033183554573
2104-08-21,0.007282663543237461
2104-08-22,0.009501879783272004
2104-08-25,0.016107218093638215
2104-08-29,0.055234419760798695
2104-09-01,0.021308608080923337
2104-09-04,0.006156972369679697
2104-09-05,0.011235668089632955
2104-09-08,0.022194958485162883
2104-09-09,0.025548407906986502
2104-09-10,0.034171240300798184
2104-09-15,0.14769276497974315
2104-09-16,0.016836505968623895
2104-09-18,0.03272556243676024
2104-09-19,0.025268415025248014
2104-09-22,0.16173779049023546
2104-10-13,0.0712450756867829
2104-10-14,0.05975520022380221
2104-10-15,0.02969111512865625
2104-10-17,0.055737098053051874
2104-10-20,0.04392140686633403
2104-10-21,0.06198606522242531
2104-10-22,0.039729166732996084
2104-10-23,0.04271779557303952
2104-10-24,0.04189453494576977
2104-10-27,0.06956436672700889
2104-10-28,0.09159305848786337
2104-10-29,0.08218525585284396
2104-11-12,0.22074140455848568
2104-11-28,0.057337932729201256
2104-12-03,0.12273744338338607
2104-12-04,0.11909684264209874
2104-12-08,0.006813464264353952
2104-12-09,0.10002960416265749
2104-12-10,0.06980611740558132
2104-12-25,0.20203098243690867
2104-12-26,0.00013480829234969495
2104-12-29,0.010470084256084422
2104-12-31,0.035920384858448756
2105-01-01,0.009020006905839009
2105-01-02,0.03119234379602777
2105-01-08,0.03784813444827453
2105-01-09,0.038427868086045675
2105-01-12,0.030213600447243305
2105-01-13,0.025392382897747576
2105-01-14,0.010792576203765135
2105-01-15,0.0005844511449161391
2105-01-16,0.025635410058036403
2105-01-19,0.03252303500429466
2105-01-20,0.018827224757812018
2105-01-21,0.025152800037780886
2105-01-22,0.025119147258800243
2105-01-26,0.0010442865573598876
2105-01-27,0.0010971940065160925
2105-01-28,0.016755418083631308
2105-01-29,0.00965782308861709
2105-01-30,0.0071948064642008425
2105-02-04,0.0006037208277812748
2105-02-05,0.003358278781174856
2105-02-06,0.0052092737549807346
2105-02-09,0.006197153248775761
2105-02-10,0.031045183111783458
2105-02-11,0.015495545931100713
2105-02-12,0.013846199347694318
2105-02-16,0.03343786985786891
2105-02-17,0.02913804088146558
2105-02-18,0.033453119390201784
2105-02-19,0.029376980475756917
2105-02-20,0.0633040635554143
2105-03-02,0.0759528119989623
2105-03-03,0.06072700472375733
2105-03-17,0.01227981807952676
2105-03-19,0.0678392531288989
2105-03-23,0.09508361489662374
2105-03-24,0.04853536617446179
2105-03-25,0.03783586920570121
2105-03-26,0.004307756281261592
2105-03-27,0.006187190918741953
2105-03-30,0.02344637749981781
2105-03-31,0.029506351742238864
2105-04-02,0.020248359152976837
2105-04-06,0.028581289335402667
2105-04-08,0.04349527842830933
2105-04-09,0.00969351710152646
2105-04-10,0.0031582970231050452
2105-04-13,0.035212618087312755
2105-04-14,0.02845135714661619
2105-04-15,0.027646223010315527
2105-04-16,0.018218923405816465
2105-04-21,0.0020221180424114943
2105-04-22,0.04529776476624092
2105-04-23,0.053977446480261856
2105-04-28,0.00823344026425436
2105-04-29,0.06223323775068478
2105-04-30,0.028757525397747345
2105-05-04,0.03845569364860136
2105-05-07,0.0019083801562793726
2105-05-08,0.049495409815632524
2105-05-11,0.06412279221635762
2105-05-15,0.08362050188604239
2105-05-18,0.05652826243831423
2105-05-19,0.05222618336185963
2105-05-21,0.05551659158904976
2105-05-22,0.04858464173684596
2105-05-26,0.050631079345487176
2105-06-05,0.0838679618163515
2105-06-08,0.028022787136512364
2105-06-10,0.061195650382730074
2105-06-18,0.0032694102146401324
2105-06-19,0.06835828550489739
2105-06-25,0.011973693559462852
2105-06-26,0.03724850967653111
2105-06-29,0.050024482818488175
2105-06-30,0.04349067741875544
2105-07-01,0.14813956191822708
2105-07-20,0.23445177469209033
2105-07-21,0.041277485803476587
2105-07-23,0.03193203243199334
2105-07-24,0.06713715240820477
2105-07-27,0.037998497606580625
2105-08-06,0.051815655791565635
2105-08-07,0.0865947676991235
2105-08-10,0.0751786770188117
2105-08-20,0.03536078740173799
2105-08-21,0.04022634431898286
2105-08-24,0.0006453578773681738
2105-08-25,0.02099149530933869
2105-09-02,0.03310405938951906
2105-09-03,0.000998849180572232
2105-09-04,0.030133932903600634
2105-09-08,0.0579491614293323
2105-09-09,0.033912067062671455
2105-09-14,0.025451745121000402
2105-09-15,0.018399776059964207
2105-09-16,0.009127232291579595
2105-09-17,0.01276738283766572
2105-09-18,0.012989773982931451
2105-09-23,0.03372131351313707
2105-09-28,0.054165847931266206
2105-09-29,0.026800417219676166
2105-09-30,0.0017294348092046358
2105-10-01,0.02660860861141175
2105-10-02,0.03527681905349856
2105-10-05,0.03436575157612763
2105-10-06,0.024143429471586104
2105-10-07,0.03654554321822173
2105-10-12,0.0327064281949224
2105-10-14,0.048402689631009535
2105-10-15,0.043262701054370224
2105-10-21,0.00490404581811324
2105-10-22,0.02647067090711498
2105-10-23,0.025590659309454377
2105-10-26,0.05299695356107828
2105-10-27,0.07805891359529483
2105-10-28,0.09395733326805457
2105-10-30,0.06084129000988954
2105-11-02,0.06707188630702436
2105-11-03,0.05265361087595236
2105-11-16,0.05893818784384127
2105-11-19,0.04567448247086352
2105-11-20,0.08260483739804177
2105-11-23,0.049288943783074565
2105-11-26,0.033818305941610366
2105-11-27,0.08226628332337563
2105-11-30,0.02415760103749057
2105-12-01,0.07927214305070668
2105-12-02,0.07215731148827732
2105-12-07,0.27757169327300313
2105-12-08,0.04721650219714099
2105-12-09,0.0016435389560967013
2105-12-10,0.011941479179974021
2105-12-11,0.020433788973414368
2105-12-15,0.001819829636564782
2105-12-16,0.037340576172820564
2105-12-22,0.05287773509938386
2105-12-23,0.02615705421782088
2105-12-24,0.04873979002077378
2105-12-25,0.04986842708598287
2105-12-28,0.0554163349914823
2106-01-06,0.07223878899306421
2106-01-08,0.026897767566300176
2106-01-11,0.018703919910860456
2106-01-12,0.0005117368749524773
2106-01-13,0.017119346353909555
2106-01-14,0.009484560379005604
2106-01-15,0.0040578522435667785
2106-01-20,0.021096822991973435
2106-01-21,0.01412233722844289
2106-01-22,0.00824051024073664
2106-01-25,0.0006096906233466291
2106-01-26,0.017767097614323456
2106-01-27,0.005497440693887162
2106-01-28,0.011234718950537266
2106-01-29,0.0013558469357506254
2106-02-04,0.002700649192229923
2106-02-08,0.010482876702657368
2106-02-09,0.03406888366796686
2106-02-10,0.047823637749211695
2106-02-11,0.034344266259334524
2106-02-12,0.013948787924464391
2106-02-15,0.029676230976789963
2106-02-16,0.023356522251612454
2106-02-17,0.02505838014926397
2106-02-18,0.06649007489592956
2106-02-19,0.09527109576983277
2106-02-24,0.08350387727169692
2106-02-25,0.04014759252971882
2106-03-12,0.1952334281718418
2106-03-15,0.038745163848356884
2106-03-16,0.03592364408337298
2106-03-17,0.07046964722903948
2106-03-18,0.010641559582245594
2106-03-19,0.033654078765756296
2106-03-22,0.06456621947519763
2106-03-23,0.035232010975474834
2106-03-24,0.042900517692388826
2106-03-25,0.03936768307302047
2106-03-31,0.03208781662210462
2106-04-01,0.043671237844587436
2106-04-16,0.028872477137564072
2106-04-19,0.05799566782969806
2106-04-20,0.07483460431444638
2106-04-21,0.058614306376897705
2106-04-22,0.05053499819903161
2106-04-27,0.06882302317970343
2106-04-29,0.057466031462030435
2106-04-30,0.030244516210548113
2106-05-06,0.07443391106492413
2106-05-07,0.09408880928533422
2106-05-21,0.1387276570636689
2106-06-09,0.1715804644221493
2106-06-10,0.06352123502772859
2106-06-11,0.1380876184035248
2106-06-16,0.15381652114182687
2106-06-17,0.07559968024634363
2106-07-01,0.037692063852997906
2106-07-02,0.09249553881185218
2106-07-05,0.030225209668137354
2106-07-06,0.02758069369150236
2106-07-07,0.04096787979160018
2106-07-08,0.03917023662208918
2106-07-09,0.003097136896023669
2106-07-12,0.004938927929130939
2106-07-13,0.004225993363580821
2106-07-14,0.021582182246749997
2106-07-16,0.038525484484679864
2106-07-19,0.051451323102170786
2106-07-21,0.020560940713946783
2106-07-22,0.04896942902127457
2106-07-23,0.02627059599042535
2106-07-26,0.006283014280358844
2106-07-27,0.03659587224570746
2106-07-30,0.011087555857997788
2106-08-02,0.03662554216440578
2106-08-03,0.04039464799186729
2106-08-06,0.018300165137774087
2106-08-09,0.020220306922775287
2106-08-10,0.014577234717526921
2106-08-13,0.01777163357780652
2106-08-17,0.01627661794962839
2106-08-18,0.023130565205772884
2106-08-19,0.0247561660202023
2106-08-20,0.027613200169974213
2106-08-23,0.019805803199601894
2106-08-24,0.03220867738617354
2106-08-25,0.024837817043842865
2106-08-26,0.02571490075871699
2106-08-27,0.1320170202563212
2106-08-30,0.017842958009391792
2106-09-01,0.04176865853030631
2106-09-03,0.04233966288208838
2106-09-22,0.06372066797654549
2106-09-23,0.05014358981752624
2106-09-24,0.0068988583854605965
2106-09-27,0.041836714217716175
2106-09-28,0.029496368898030638
2106-09-29,0.011633076412866702
2106-09-30,0.0027857465665426322
2106-10-01,0.013110840147122754
2106-10-04,0.01737734026014381
2106-10-05,0.019906737641328873
2106-10-06,0.01696987518745758
2106-10-07,0.023624829238789388
2106-10-08,0.03383369708237421
2106-10-11,0.0332411417220841
2106-10-15,0.045574960197332856
2106-10-18,0.034410976191174406
2106-10-20,0.029149863178794935
2106-10-21,0.09980011845103985
2106-10-22,0.08089098108633488
2106-10-25,0.07701326485529672
2106-11-09,0.14172894952499826
2106-11-10,0.06741158446806508
2106-11-11,0.12305415307986559
2106-11-18,0.1557537741224754
2106-11-19,0.09417444709115186
2106-11-23,0.18780747345317472
2106-12-08,0.018277645982802754
2106-12-10,0.009772327537763512
2106-12-13,0.021879742345391442
2106-12-14,0.046285062755415815
2106-12-16,0.05739959346400902
2106-12-17,0.06655888601967318
2106-12-20,0.06748199424912292
2106-12-21,0.04604289709817076
2106-12-22,0.04074454872571363
2106-12-23,0.034784302122233546
2106-12-31,0.003455979642590947
2107-01-03,0.025862607201675332
2107-01-04,0.02957242165625734
2107-01-05,0.04466263992354714
2107-01-06,0.05100748753327096
2107-01-07,0.06963074855845044
2107-01-10,0.052696743340398346
2107-01-11,0.08157597983436031
2107-01-12,0.11482113486045718
2107-01-26,0.07409902583719317
2107-02-04,0.10237886837059244
2107-02-08,0.08797355616079758
2107-02-09,0.10188411347823076
2107-02-10,0.03177603536429183
2107-02-11,0.050485279063353775
2107-02-14,0.05478758369785703
2107-02-15,0.060395455703352606
2107-02-16,0.04791011997655009
2107-02-17,0.04409086529944771
2107-02-22,0.15521498833823388
2107-03-08,0.03755831910233143
2107-03-09,0.031821551518446914
2107-03-18,0.11368243255099099
2107-03-21,0.08892106566030057
2107-03-22,0.07821663571184073
2107-03-23,0.06236380341633068
2107-03-24,0.14138714437389147
2107-03-25,0.034368239233194826
2107-04-14,0.05829213364469772
2107-04-15,0.08377256387259455
2107-04-18,0.06301782244461493
2107-04-19,0.03852390603087534
2107-04-20,0.07476116582364564
2107-04-21,0.14895800071631893
2107-04-26,0.11235116931635664
2107-04-27,0.12194283067328646
2107-05-24,0.09616250789223961
2107-05-25,0.11510604218001955
2107-05-26,0.06736247210043636
2107-05-27,0.04018559830719746
2107-05-31,0.02762815270854938
2107-06-01,0.02510210883527112
2107-06-09,0.0563299821899046
2107-06-13,0.0716834947056683
2107-06-14,0.017900384657286446
2107-06-15,0.07018683942646325
2107-06-16,0.05993583610154978
2107-06-17,0.019397689068665465
2107-06-20,0.06436838294095282
2107-07-05,0.13491474362270947
2107-07-06,0.15358988831884055
2107-07-07,0.10628527684217366
2107-07-19,0.04332808407410484
2107-07-20,0.016854685144092215
2107-07-21,0.025807429202553828
2107-07-22,0.0016501775234388366
2107-07-25,0.0409976398903443
2107-07-26,0.04272098948894064
2107-07-27,0.03390962296464019
2107-07-28,0.027027548128383757
2107-08-01,0.062272546798612806
2107-08-02,0.03445276924173985
2107-08-03,0.036709422734433735
2107-08-04,0.025698343662757323
2107-08-05,0.0023639919658299917
2107-08-08,0.05491458068912665
2107-08-09,0.05484173229831983
2107-08-10,0.050108342700546524
2107-08-18,0.01738489483015986
2107-08-23,0.005356801810355874
2107-08-25,0.03870100332619007
2107-08-26,0.12327939772060315
2107-08-31,0.0732939565157128
2107-09-01,0.12087899714736937
2107-09-02,0.10857881861489059
2107-09-05,0.10888882261737255
2107-09-09,0.07754927118107202
2107-09-12,0.09271695431046684
2107-09-29,0.005602418601721547
2107-09-30,0.01982110584111757
2107-10-03,0.01401985828704769
2107-10-04,0.02582197447923204
2107-10-05,0.0212417346724589
2107-10-06,0.013780565923158298
2107-10-07,0.03818478751687942
2107-10-10,0.02797315515315835
2107-10-11,0.007796047067841897
2107-10-12,0.019856850261321977
2107-10-13,0.02031138922826887
2107-10-17,0.02221312245285647
2107-10-18,0.009837629632670427
2107-10-19,0.021392853825055274
2107-10-20,0.04136620063318276
2107-10-21,0.04932419234901311
2107-10-26,0.05045273515862422
2107-10-27,0.0043018913191377565
2107-10-28,0.029094853998282242
2107-10-31,0.04867767662134851
2107-11-01,0.04761896865728363
2107-11-02,0.050697438957205264
2107-11-09,0.0326979904631651
2107-11-10,0.031459410927255765
2107-11-14,0.053683495341034
2107-11-15,0.05423877212374584
2107-11-16,0.2504334451562486
2107-11-23,0.10560330383196041
2107-11-24,0.035843183266993456
2107-11-25,0.03425119676800415
2107-11-28,0.002576692839220275
2107-11-29,0.029021583946517177
2107-11-30,0.04272352657703782
2107-12-01,0.053072558838966305
2107-12-07,0.021762943788361768
2107-12-12,0.056221309132668096
2107-12-13,0.10748302792067332
2107-12-15,0.07543318577833229
2107-12-16,0.09598341436829719
2107-12-19,0.08484397098296481
2107-12-20,0.0818362297870891
2108-01-05,0.22828308014052967
2108-01-06,0.1614380182631632
2108-01-09,0.013438859286582977
2108-01-10,0.026436437098643094
2108-01-16,0.010275303703910407
2108-01-24,0.06375637895918965
2108-01-25,0.06779037763993608
2108-01-26,0.06687020680504659
2108-01-27,0.025076859874219825
2108-01-30,0.0730917896797476
2108-01-31,0.04385741061174869
2108-02-09,0.06074981552862571
2108-02-13,0.17742710221884403
2108-02-29,0.22063196038644894
2108-03-01,0.11315176341805996
2108-03-02,0.02614729488100486
2108-03-05,0.014967593482600731
2108-03-06,0.0030912054979632397
2108-03-07,0.041234073455077576
2108-03-08,0.015441026675630666
2108-03-14,0.0024118702828859057
2108-03-15,0.012397693248296125
2108-03-19,0.052053291907926985
2108-03-22,0.007299523234269727
2108-03-26,0.019073007392309035
2108-03-27,0.038500761929782454
2108-03-28,0.0156791254837593
2108-04-02,0.042238198058513414
2108-04-03,0.04104785020782962
2108-04-04,0.04292140965716518
2108-04-05,0.0323009616008951
2108-04-06,0.04234529882809687
2108-04-09,0.017934899667927866
2108-04-17,0.1271195745573092
2108-04-18,0.06308617281267366
2108-04-19,0.030239118167232515
2108-04-20,0.01997347247464133
2108-04-23,0.019350285832558455
2108-04-25,0.00552169388561
2108-04-26,0.013328445939319396
2108-05-01,0.052462383398813615
2108-05-02,0.025320427690929008
2108-05-03,0.025368858408391638
2108-05-07,0.013014758403394671
2108-05-08,0.02878903333133404
2108-05-09,0.029498185261232282
2108-05-10,0.02752822669160786
2108-05-15,0.01783602569450249
2108-05-16,0.05580652949661221
2108-05-17,0.05927977777785301
2108-05-18,0.08430171222141683
2108-05-22,0.05700580975301569
2108-05-23,0.007184560650507824
2108-05-24,0.0320679372605605
2108-05-25,0.009051985802718182
2108-05-28,0.009275918266082164
2108-05-29,0.007530989286584177
2108-06-05,0.028630361524422648
2108-06-06,0.026021056666372798
2108-06-07,0.018320122613689923
2108-06-08,0.033414709563924894
2108-06-11,0.02581643379849783
2108-06-12,0.018601701213121324
2108-06-14,0.007298680595549839
2108-06-15,0.026835252731505624
2108-06-18,0.02846300174033383
2108-06-19,0.03764378732095487
2108-06-20,0.036778960586589866
2108-06-21,0.037572993390946226
2108-06-22,0.08195280688534742
2108-06-26,0.0678805285477922
2108-06-27,0.06573848388911782
2108-06-29,0.021329813146631703
2108-07-03,0.032354332829170815
2108-07-12,0.05616607475009757
2108-07-16,0.034953289764522485
2108-07-18,0.008488245057766927
2108-07-19,0.01166841368535694
2108-07-20,0.026726762930030738
2108-07-23,0.05947849294293271
2108-07-24,0.04564528132232809
2108-07-25,0.0430566879517437
2108-07-26,0.009659426839724386
2108-08-06,0.005867342571181607
2108-08-07,0.01552439445308403
2108-08-08,5.740013366487863e-05
2108-08-09,0.014450028530809414
2108-08-10,0.0047744126515586625
2108-08-13,0.0051410078608026145
2108-08-14,0.012516005350499123
2108-08-15,0.0004923417040606851
2108-08-16,0.008725044035753365
2108-08-21,0.01105484724149254
2108-08-22,0.0071169994460199525
2108-08-23,0.009023703894098593
2108-08-24,0.007818884169373187
2108-08-27,0.030822467336689426
2108-08-29,0.02515614144836162
2108-09-03,0.016891011962074567
2108-09-04,0.013522286196517706
2108-09-05,0.033353727840425236
2108-09-06,0.04725867503759448
2108-09-07,0.01058709253932343
2108-09-11,0.04951261875110931
2108-09-12,0.10988227107024985
2108-09-13,0.12408492215386802
2108-09-14,0.09844063542088605
2108-09-20,0.08445771372152648
2108-09-21,0.07925195498010507
2108-09-24,0.06129109315226934
2108-09-25,0.08633776594611847
2108-10-05,0.08342306736609476
2108-10-08,0.09415659003976723
2108-10-11,0.13448019509500397
2108-10-17,0.08086301986741494
2108-10-26,0.012735510536461797
2108-10-30,0.049081143808156744
2108-10-31,0.0154435786544447
2108-11-01,0.01883098064840558
2108-11-02,0.029916851606622403
2108-11-05,0.015311274010981472
2108-11-06,0.03262239523594032
2108-11-07,0.01879941905364834
2108-11-08,0.04013160971790685
2108-11-09,0.030221225406069405
2108-11-15,0.025296662679220497
2108-11-16,0.03113163729768082
2108-11-20,0.04168697200178874
2108-11-23,0.01868774917799495
2108-11-26,0.09522557911868282
2108-11-27,0.08518230805128849
2108-11-28,0.3216939035791485
2108-12-17,0.050966262661817835
2108-12-18,0.13049747524260621
2108-12-19,0.0009366991655538927
2109-01-01,0.07858943365549302
2109-01-02,0.0036764152094013857
2109-01-03,0.05130494530502151
2109-01-04,0.04553778796653761
2109-01-07,0.028982269831254216
2109-01-08,0.03235570145370838
2109-01-09,0.04134652479769076
2109-01-10,0.037706175255122036
2109-01-11,0.04812541657059355
2109-01-15,0.10226143380422838
2109-01-17,0.03213988635061798
2109-01-18,0.10469105096503697
2109-01-21,0.09636889823449238
2109-01-22,0.027156889162172723
2109-02-07,0.0353477441201339
2109-02-11,0.03477628394838392
2109-02-14,0.03082743053757285
2109-02-15,0.014088707347752983
2109-02-18,0.009285163805400405
2109-02-19,0.009988845138866682
2109-02-20,0.00542917239460644
2109-02-21,0.01690506863360483
2109-02-25,0.02068020327895302
2109-02-26,0.007499065882697678
2109-03-01,0.006546654337075429
2109-03-04,0.015812700956293297
2109-03-05,0.01402686476005471
2109-03-11,0.046286441642977516
2109-03-12,0.05126760474266448
2109-03-14,0.0662060192897876
2109-03-15,0.042475577466341057
2109-03-18,0.023803864659682757
2109-03-19,0.05128896601119945
2109-03-20,0.04501029066025575
2109-03-21,0.15176819096359107
2109-03-22,0.06283139406334141
2109-03-25,0.07017710003013566
2109-04-10,0.14183439047881227
2109-04-11,0.07489441342650513
2109-04-12,0.09844646883994343
2109-04-15,0.16744603004977007
2109-04-25,0.31509522430922177
2109-04-26,0.12320655829431627
2109-04-29,0.09347170094145064
2109-04-30,0.0981200203853499
2109-05-13,0.34462119803002644
2109-05-23,0.3201381631387881
2109-05-31,0.1276018793472296
2109-06-03,0.20088598896135396
2109-06-21,0.07531635839142675
2109-06-24,0.04676243820910693
2109-06-26,0.018717291472717234
2109-06-27,0.019380502926929274
2109-07-01,0.013963744603242075
2109-07-02,0.009421166526038475
2109-07-05,0.06517165869643562
2109-07-08,0.05063193618854614
2109-07-09,0.045651919484837405
2109-07-10,0.02871867882524724
2109-07-11,0.053649432421822976
2109-07-17,0.005791055679407594
2109-07-18,0.013688497450414623
2109-07-19,0.004856503902352587
2109-07-29,0.009389618410552516
2109-07-30,0.046947954492957064
2109-07-31,0.09039060484688172
2109-08-01,0.06646957478808405
2109-08-02,0.06690451805938975
2109-08-05,0.05567965742601079
2109-08-06,0.11405670131310011
2109-08-07,0.03914249970347075
2109-08-08,0.12462082408358457
2109-08-22,0.12376962485274985
2109-08-26,0.018029121388728763
2109-08-27,0.03142357831858174
2109-08-28,0.011182481101519825
2109-08-29,0.009821159574537396
